Date,Month,FileOrigin,Description,Amount,Currency,Category
03/10/2024,2024-10,Monzo Lara Flex October,MGP*Vinted London,7.55,GBP,Shopping
04/10/2024,2024-10,Monzo Lara Flex October,MGP*Vinted London,8.85,GBP,Shopping
04/10/2024,2024-10,Monzo Lara Flex October,MGP*Vinted London,7.20,GBP,Shopping
07/10/2024,2024-10,Monzo Lara Flex October,MGP*Vinted London,11.22,GBP,Shopping
07/10/2024,2024-10,Monzo Lara Flex October,MGP*Vinted London,5.70,GBP,Shopping
07/10/2024,2024-10,Monzo Lara Flex October,MGP*Vinted London,7.89,GBP,Shopping
07/10/2024,2024-10,Monzo Lara Flex October,MGP*Vinted London,17.20,GBP,Shopping
08/10/2024,2024-10,Monzo Lara Flex October,MGP*Vinted London,18.94,GBP,Shopping
09/10/2024,2024-10,Monzo Lara Flex October,Flex,70.00,GBP,Nothing
11/10/2024,2024-10,Monzo Lara Flex October,LIME*PASS X23Q +448008085223,36.99,GBP,Transportation
12/10/2024,2024-10,Monzo Lara Flex October,SQ *GROCERY POST - HIG London,23.50,GBP,Groceries
13/10/2024,2024-10,Monzo Lara Flex October,MGP*Vinted London,3.32,GBP,Shopping
14/10/2024,2024-10,Monzo Lara Flex October,MGP*Vinted London,9.85,GBP,Shopping
15/10/2024,2024-10,Monzo Lara Flex October,WETRANSFER* BB2119B7 +31208100779 NLD,11.00,GBP,Shopping
16/10/2024,2024-10,Monzo Lara Flex October,MGP*Vinted London,8.20,GBP,Shopping
18/10/2024,2024-10,Monzo Lara Flex October,www.jacksonsart.com London,33.10,GBP,Shopping
22/10/2024,2024-10,Monzo Lara Flex October,MGP*Vinted London,11.97,GBP,Shopping
23/10/2024,2024-10,Monzo Lara Flex October,LIME*PASS X23Q +448008085223,36.99,GBP,Transportation
24/10/2024,2024-10,Monzo Lara Flex October,SP CONNOLLY ENGLAND +442079526708,32.50,GBP,Shopping
24/10/2024,2024-10,Monzo Lara Flex October,LONDON DOCTORS CLINIC +442080038553,20.00,GBP,Toiletries
25/10/2024,2024-10,Monzo Lara Flex October,LONDON DOCTORS CLINIC LONDON,236.70,GBP,Toiletries
25/10/2024,2024-10,Monzo Lara Flex October,Flex,1395.34,GBP,Nothing
01/09/2024,2024-09,Monzo Joint September,Spotify London,19.99,GBP,Subscriptions
02/09/2024,2024-09,Monzo Joint September,TfL Travel Charge TFL.gov.uk/CP,9.90,GBP,Transportation
03/09/2024,2024-09,Monzo Joint September,PB404161063229499,342.78,GBP,Credit card
03/09/2024,2024-09,Monzo Joint September,J and R Kiosk London,1.30,GBP,Groceries
03/09/2024,2024-09,Monzo Joint September,MARKS&SPENCER PLC SF CHANCERY LANE,10.40,GBP,Groceries
04/09/2024,2024-09,Monzo Joint September,CONNOLLY/ EXPENSES,239.35,GBP,Refunds
04/09/2024,2024-09,Monzo Joint September,TFL TRAVEL CH\VICTORIA STREET\TFL.GOV.UK/CP\SW1H 0TL,3.70,GBP,Transportation
04/09/2024,2024-09,Monzo Joint September,MARKS&SPENCER PLC SF CHANCERY LANE,8.20,GBP,Groceries
04/09/2024,2024-09,Monzo Joint September,SAINSBURYS LONDON,2.20,GBP,Groceries
04/09/2024,2024-09,Monzo Joint September,TfL Travel Charge TFL.gov.uk/CP,2.80,GBP,Transportation
04/09/2024,2024-09,Monzo Joint September,SIDNEY ROSE LONDON W1S,5.98,GBP,Shopping
04/09/2024,2024-09,Monzo Joint September,MARKS&SPENCER PLC SF CROUCH END,11.40,GBP,Groceries
04/09/2024,2024-09,Monzo Joint September,WAITROSE LONDON,5.40,GBP,Groceries
05/09/2024,2024-09,Monzo Joint September,FOTO PLUS LONDON N8 8,2.00,GBP,Shopping
05/09/2024,2024-09,Monzo Joint September,PRET A MANGER HULL,10.59,GBP,Activities
05/09/2024,2024-09,Monzo Joint September,CAFFE NERO 86 HIGH HOL LONDON,3.98,GBP,Activities
05/09/2024,2024-09,Monzo Joint September,LIME*PAYOFF X23Q LONDON,1.45,GBP,Transportation
05/09/2024,2024-09,Monzo Joint September,LIME*AUTH X23Q LONDON,10.00,GBP,Transportation
05/09/2024,2024-09,Monzo Joint September,LIME*RIDE X23Q LONDON,3.78,GBP,Transportation
05/09/2024,2024-09,Monzo Joint September,J and R Kiosk London,1.30,GBP,Groceries
05/09/2024,2024-09,Monzo Joint September,SumUp *The martial ac Tilbury,10.00,GBP,Shopping
05/09/2024,2024-09,Monzo Joint September,LIME*AUTH X23Q LONDON,10.00,GBP,Transportation
05/09/2024,2024-09,Monzo Joint September,LIME*RIDE X23Q LONDON,8.13,GBP,Transportation
05/09/2024,2024-09,Monzo Joint September,LIME*PASS X23Q LONDON,36.99,GBP,Transportation
05/09/2024,2024-09,Monzo Joint September,Crouch End Greens LTD London,10.75,GBP,Groceries
06/09/2024,2024-09,Monzo Joint September,TfL Travel Charge TFL.gov.uk/CP,12.30,GBP,Transportation
06/09/2024,2024-09,Monzo Joint September,TfL Travel Charge TFL.gov.uk/CP,3.70,GBP,Transportation
06/09/2024,2024-09,Monzo Joint September,SQ *JOLENE HORNSEY ROA London,15.20,GBP,Activities
06/09/2024,2024-09,Monzo Joint September,J and R Kiosk London,1.30,GBP,Groceries
06/09/2024,2024-09,Monzo Joint September,J and R Kiosk London,1.00,GBP,Groceries
06/09/2024,2024-09,Monzo Joint September,WAITROSE LONDON,6.61,GBP,Groceries
07/09/2024,2024-09,Monzo Joint September,MARKS&SPENCER PLC SF CROUCH END,17.80,GBP,Groceries
07/09/2024,2024-09,Monzo Joint September,WAITROSE LONDON,27.30,GBP,Groceries
07/09/2024,2024-09,Monzo Joint September,LS The Wells Tavern London,8.20,GBP,Activities
08/09/2024,2024-09,Monzo Joint September,Zettle_*But First Coff London,6.60,GBP,Shopping
08/09/2024,2024-09,Monzo Joint September,Zettle_*But First Coff London,2.40,GBP,Shopping
08/09/2024,2024-09,Monzo Joint September,Nicholas Antoniades,40.00,GBP,Pay Nicholas
08/09/2024,2024-09,Monzo Joint September,CLOCKTOWER GREENS LONDON,4.58,GBP,Activities
08/09/2024,2024-09,Monzo Joint September,WAITROSE LONDON,14.85,GBP,Groceries
08/09/2024,2024-09,Monzo Joint September,PPOINT_*CU CONVENIENCE London,6.49,GBP,Shopping
09/09/2024,2024-09,Monzo Joint September,e5 Bakehouse Ltd London,9.30,GBP,Activities
09/09/2024,2024-09,Monzo Joint September,e5 Bakehouse Ltd London,4.10,GBP,Activities
09/09/2024,2024-09,Monzo Joint September,WWW.HARINGEY.GOV.UK LONDON,561.00,GBP,Utilities
09/09/2024,2024-09,Monzo Joint September,Emergency Savings Pot,2100.00,GBP,Nothing
09/09/2024,2024-09,Monzo Joint September,MARKS&SPENCER PLC SF CHANCERY LANE,8.20,GBP,Groceries
09/09/2024,2024-09,Monzo Joint September,J and R Kiosk London,1.00,GBP,Groceries
09/09/2024,2024-09,Monzo Joint September,1 Montenotte Rent,2100.00,GBP,Rent
09/09/2024,2024-09,Monzo Joint September,Nicholas Antoniades,303.18,GBP,Pay Nicholas
09/09/2024,2024-09,Monzo Joint September,Monthly Money Pot,115.00,GBP,Nothing
10/09/2024,2024-09,Monzo Joint September,J and R Kiosk London,1.30,GBP,Groceries
10/09/2024,2024-09,Monzo Joint September,SumUp *Nkora Limited St Albans,9.10,GBP,Shopping
10/09/2024,2024-09,Monzo Joint September,J and R Kiosk London,1.00,GBP,Groceries
11/09/2024,2024-09,Monzo Joint September,Jessops London,1.58,GBP,Shopping
11/09/2024,2024-09,Monzo Joint September,MARKS&SPENCER PLC SF CHANCERY LANE,8.20,GBP,Groceries
11/09/2024,2024-09,Monzo Joint September,TFL TRAVEL CH\VICTORIA STREET\TFL.GOV.UK/CP\SW1H 0TL,3.70,GBP,Transportation
11/09/2024,2024-09,Monzo Joint September,TFL TRAVEL CH\VICTORIA STREET\TFL.GOV.UK/CP\SW1H 0TL,3.70,GBP,Transportation
11/09/2024,2024-09,Monzo Joint September,Klarna \Aviation House 125 Kingsway\London \WC2B 6NH,1979.00,GBP,Shopping
11/09/2024,2024-09,Monzo Joint September,Emergency Savings Pot,1900.00,GBP,Nothing
11/09/2024,2024-09,Monzo Joint September,Monthly Money Pot,150.00,GBP,Nothing
11/09/2024,2024-09,Monzo Joint September,SumUp *Nkora Limited St Albans,11.80,GBP,Shopping
11/09/2024,2024-09,Monzo Joint September,THATS SHOE BUSINESS LONDON EC1N,3.50,GBP,Uncategorised
11/09/2024,2024-09,Monzo Joint September,PRET A MANGER LONDON,5.50,GBP,Activities
11/09/2024,2024-09,Monzo Joint September,Zettle_*Chiriac music LONDON,5.00,GBP,Shopping
11/09/2024,2024-09,Monzo Joint September,APPLE.COM/BILL APPLE.COM/BIL IRL,8.99,GBP,Subscriptions
12/09/2024,2024-09,Monzo Joint September,TFL TRAVEL CH\VICTORIA STREET\TFL.GOV.UK/CP\SW1H 0TL,6.00,GBP,Transportation
12/09/2024,2024-09,Monzo Joint September,J and R Kiosk London,1.30,GBP,Groceries
12/09/2024,2024-09,Monzo Joint September,TFL TRAVEL CH\VICTORIA STREET\TFL.GOV.UK/CP\SW1H 0TL,5.80,GBP,Transportation
12/09/2024,2024-09,Monzo Joint September,PPOINT_*CU CONVENIENCE London,1.59,GBP,Shopping
12/09/2024,2024-09,Monzo Joint September,Zettle_*TURNING EARTH LONDON,20.00,GBP,Shopping
13/09/2024,2024-09,Monzo Joint September,Trainline.Com London,5.25,GBP,Transportation
13/09/2024,2024-09,Monzo Joint September,Trainline.Com London,5.25,GBP,Transportation
13/09/2024,2024-09,Monzo Joint September,PRET A MANGER LONDON,5.50,GBP,Activities
13/09/2024,2024-09,Monzo Joint September,PRET A MANGER LONDON,3.90,GBP,Activities
13/09/2024,2024-09,Monzo Joint September,MARKS&SPENCER PLC SF CROUCH END,8.00,GBP,Groceries
13/09/2024,2024-09,Monzo Joint September,WAITROSE LONDON,1.35,GBP,Groceries
13/09/2024,2024-09,Monzo Joint September,Monthly Money Pot,200.00,GBP,Nothing
14/09/2024,2024-09,Monzo Joint September,LIME*PAYOFF X23Q LONDON,6.38,GBP,Transportation
14/09/2024,2024-09,Monzo Joint September,LIME*PASS X23Q LONDON,36.99,GBP,Transportation
14/09/2024,2024-09,Monzo Joint September,Trainline.Com London,5.25,GBP,Transportation
14/09/2024,2024-09,Monzo Joint September,TFL TRAVEL CH\VICTORIA STREET\TFL.GOV.UK/CP\SW1H 0TL,2.70,GBP,Transportation
14/09/2024,2024-09,Monzo Joint September,RYMAN 1014 LONDON,0.99,GBP,Shopping
14/09/2024,2024-09,Monzo Joint September,WWW.VOXI.CO.UK NEWBURY,10.00,GBP,Utilities
14/09/2024,2024-09,Monzo Joint September,LIME*PASS FZY2 LONDON,36.99,GBP,Transportation
14/09/2024,2024-09,Monzo Joint September,SHELL Grosvenor Road London,1.49,GBP,Shopping
14/09/2024,2024-09,Monzo Joint September,BUCCLEUCH GARDENS CAFE RICHMOND,2.00,GBP,Activities
14/09/2024,2024-09,Monzo Joint September,WAITROSE LONDON,13.13,GBP,Groceries
14/09/2024,2024-09,Monzo Joint September,Monthly Money Pot,140.00,GBP,Nothing
15/09/2024,2024-09,Monzo Joint September,TfL Travel Charge TFL.gov.uk/CP,10.00,GBP,Transportation
15/09/2024,2024-09,Monzo Joint September,TfL Travel Charge TFL.gov.uk/CP,7.90,GBP,Transportation
15/09/2024,2024-09,Monzo Joint September,SAINSBURYS LONDON,0.00,GBP,Groceries
15/09/2024,2024-09,Monzo Joint September,Monthly Money Pot,100.00,GBP,Nothing
15/09/2024,2024-09,Monzo Joint September,SQUARESPACE INC. NEW YORK USA,0.00,GBP,Subscriptions
15/09/2024,2024-09,Monzo Joint September,SQSP* INV149696583 NEW YORK USA,13.44,GBP,Subscriptions
15/09/2024,2024-09,Monzo Joint September,SAINSBURYS LONDON,126.75,GBP,Groceries
16/09/2024,2024-09,Monzo Joint September,VIRGIN MEDIA PYMTS E15 READING,65.16,GBP,Utilities
16/09/2024,2024-09,Monzo Joint September,GAILS - SOUTHBANK PLAC LONDON,3.90,GBP,Activities
16/09/2024,2024-09,Monzo Joint September,J and R Kiosk London,2.30,GBP,Groceries
16/09/2024,2024-09,Monzo Joint September,Adobe ADOBE.LY/BILL IRL,19.97,GBP,Subscriptions
16/09/2024,2024-09,Monzo Joint September,EE TOPUP VESTA EE.CO.UK,9.00,GBP,Subscriptions
17/09/2024,2024-09,Monzo Joint September,SQ *JOLENE HORNSEY ROA London,15.20,GBP,Activities
17/09/2024,2024-09,Monzo Joint September,J and R Kiosk London,1.30,GBP,Groceries
17/09/2024,2024-09,Monzo Joint September,TFL TRAVEL CH\VICTORIA STREET\TFL.GOV.UK/CP\SW1H 0TL,10.70,GBP,Transportation
18/09/2024,2024-09,Monzo Joint September,TFL TRAVEL CH\VICTORIA STREET\TFL.GOV.UK/CP\SW1H 0TL,3.70,GBP,Transportation
18/09/2024,2024-09,Monzo Joint September,PRET A MANGER LONDON,13.50,GBP,Activities
19/09/2024,2024-09,Monzo Joint September,TfL Travel Charge TFL.gov.uk/CP,3.00,GBP,Transportation
19/09/2024,2024-09,Monzo Joint September,TFL TRAVEL CH\VICTORIA STREET\TFL.GOV.UK/CP\SW1H 0TL,3.00,GBP,Transportation
19/09/2024,2024-09,Monzo Joint September,MARKS&SPENCER PLC SF CHANCERY LANE,4.50,GBP,Groceries
19/09/2024,2024-09,Monzo Joint September,MARKS&SPENCER PLC SF CHANCERY LANE,2.20,GBP,Groceries
20/09/2024,2024-09,Monzo Joint September,LIME*RIDE X23Q +448008085223,1.16,GBP,Transportation
20/09/2024,2024-09,Monzo Joint September,TFL TRAVEL CH\VICTORIA STREET\TFL.GOV.UK/CP\SW1H 0TL,6.70,GBP,Transportation
20/09/2024,2024-09,Monzo Joint September,TFL TRAVEL CH\VICTORIA STREET\TFL.GOV.UK/CP\SW1H 0TL,3.00,GBP,Transportation
23/09/2024,2024-09,Monzo Joint September,TFL TRAVEL CH\VICTORIA STREET\TFL.GOV.UK/CP\SW1H 0TL,3.00,GBP,Transportation
23/09/2024,2024-09,Monzo Joint September,TFL TRAVEL CH\VICTORIA STREET\TFL.GOV.UK/CP\SW1H 0TL,3.00,GBP,Transportation
24/09/2024,2024-09,Monzo Joint September,CONNOLLY RETAIL LT,240.00,GBP,Income
24/09/2024,2024-09,Monzo Joint September,TFL TRAVEL CH\VICTORIA STREET\TFL.GOV.UK/CP\SW1H 0TL,6.00,GBP,Transportation
24/09/2024,2024-09,Monzo Joint September,TFL TRAVEL CH\VICTORIA STREET\TFL.GOV.UK/CP\SW1H 0TL,3.70,GBP,Transportation
24/09/2024,2024-09,Monzo Joint September,TfL Unpaid Fares TFL.gov.uk/CP,0.10,GBP,Transportation
24/09/2024,2024-09,Monzo Joint September,PPOINT_*CU CONVENIENCE London,7.87,GBP,Shopping
25/09/2024,2024-09,Monzo Joint September,EE TOPUP VESTA EE.CO.UK,10.00,GBP,Subscriptions
25/09/2024,2024-09,Monzo Joint September,PAYROLL,1766.91,GBP,Income
25/09/2024,2024-09,Monzo Joint September,APPLE.COM/BILL APPLE.COM/BIL IRL,9.99,GBP,Subscriptions
25/09/2024,2024-09,Monzo Joint September,MARKS&SPENCER PLC SF CHANCERY LANE,4.10,GBP,Groceries
25/09/2024,2024-09,Monzo Joint September,Nicholas Antoniade,600.00,GBP,Pay Nicholas
26/09/2024,2024-09,Monzo Joint September,TfL Travel Charge TFL.gov.uk/CP,3.70,GBP,Transportation
26/09/2024,2024-09,Monzo Joint September,Nicholas Antoniades,161.04,GBP,Pay Nicholas
26/09/2024,2024-09,Monzo Joint September,PB586274092270687,781.86,GBP,Credit card
26/09/2024,2024-09,Monzo Joint September,PWBT1727339470341,65.89,GBP,Utilities
26/09/2024,2024-09,Monzo Joint September,Zettle_*TURNING EARTH LONDON,15.00,GBP,Shopping
27/09/2024,2024-09,Monzo Joint September,Payroll Sep 2024,3854.32,GBP,Income
27/09/2024,2024-09,Monzo Joint September,MARKS&SPENCER PLC SF CHANCERY LANE,5.35,GBP,Groceries
27/09/2024,2024-09,Monzo Joint September,Monthly Money Pot,3500.00,GBP,Nothing
27/09/2024,2024-09,Monzo Joint September,Monthly Money Pot,2100.00,GBP,Nothing
27/09/2024,2024-09,Monzo Joint September,1 Montenotte Rent,2100.00,GBP,Rent
27/09/2024,2024-09,Monzo Joint September,FOTO PLUS LONDON N8 8,2.00,GBP,Shopping
28/09/2024,2024-09,Monzo Joint September,Trainline.Com London,45.80,GBP,Transportation
28/09/2024,2024-09,Monzo Joint September,LIME*PAYOFF X23Q +448008085223,6.38,GBP,Transportation
28/09/2024,2024-09,Monzo Joint September,GAILS - JERICHO OXFORD,31.80,GBP,Activities
28/09/2024,2024-09,Monzo Joint September,SCRIPTUM LTD GREAT BRITAI,27.00,GBP,Shopping
28/09/2024,2024-09,Monzo Joint September,SP HOYLES OF OXFORD OXFORD,39.95,GBP,Shopping
28/09/2024,2024-09,Monzo Joint September,TURF TAVERN OXFORD,41.90,GBP,Activities
28/09/2024,2024-09,Monzo Joint September,GAILS - JERICHO OXFORD,8.20,GBP,Activities
28/09/2024,2024-09,Monzo Joint September,TfL Travel Charge TFL.gov.uk/CP,3.00,GBP,Transportation
29/09/2024,2024-09,Monzo Joint September,TFL TRAVEL CH\VICTORIA STREET\TFL.GOV.UK/CP\SW1H 0TL,3.00,GBP,Transportation
29/09/2024,2024-09,Monzo Joint September,PB584014323171591,212.26,GBP,Credit card
29/09/2024,2024-09,Monzo Joint September,LIME*PASS FZY2 +448008085223,36.99,GBP,Transportation
29/09/2024,2024-09,Monzo Joint September,Monthly Money Pot,300.00,GBP,Nothing
29/09/2024,2024-09,Monzo Joint September,Lara Antoniades,300.00,GBP,Pay Lara
29/09/2024,2024-09,Monzo Joint September,LIME*PASS X23Q +448008085223,36.99,GBP,Transportation
30/09/2024,2024-09,Monzo Joint September,300 0110 745176066,41.62,GBP,Subscriptions
30/09/2024,2024-09,Monzo Joint September,9TA94DV,18.45,GBP,Utilities
30/09/2024,2024-09,Monzo Joint September,Monthly Money Pot,109.00,GBP,Nothing
30/09/2024,2024-09,Monzo Joint September,MARKS&SPENCER PLC SF CHANCERY LANE,4.55,GBP,Groceries
01/08/2024,2024-08,Monzo Joint August,Monthly Money Pot,20.00,GBP,Nothing
01/08/2024,2024-08,Monzo Joint August,Monthly Money Pot,10.00,GBP,Nothing
01/08/2024,2024-08,Monzo Joint August,OVO Energy Ltd Bristol,180.66,GBP,Utilities
01/08/2024,2024-08,Monzo Joint August,Monthly Money Pot,102.89,GBP,Nothing
01/08/2024,2024-08,Monzo Joint August,Monthly Money Pot,2000.00,GBP,Nothing
01/08/2024,2024-08,Monzo Joint August,1 Montenotte Rent,2100.00,GBP,Rent
01/08/2024,2024-08,Monzo Joint August,J and R Kiosk London,1.30,GBP,Groceries
02/08/2024,2024-08,Monzo Joint August,J and R Kiosk London,1.30,GBP,Groceries
05/08/2024,2024-08,Monzo Joint August,Monthly Money Pot,100.00,GBP,Nothing
05/08/2024,2024-08,Monzo Joint August,Monthly Money Pot,431.00,GBP,Nothing
05/08/2024,2024-08,Monzo Joint August,PB987905984472476,431.53,GBP,Credit card
05/08/2024,2024-08,Monzo Joint August,VIRGIN MEDIA PYMTS E15 READING,28.83,GBP,Utilities
06/08/2024,2024-08,Monzo Joint August,Aletta Antoniades,25.00,GBP,Pay Aletta
06/08/2024,2024-08,Monzo Joint August,Spotify London,19.99,GBP,Subscriptions
09/08/2024,2024-08,Monzo Joint August,SAINSBURYS- FETTER LAN LONDON,2.85,GBP,Groceries
09/08/2024,2024-08,Monzo Joint August,CHINATOWN BAKERY LONDON WC2H,2.50,GBP,Activities
10/08/2024,2024-08,Monzo Joint August,GAILS - CROUCH END LONDON,19.80,GBP,Activities
10/08/2024,2024-08,Monzo Joint August,GAILS - CROUCH END LONDON,2.95,GBP,Activities
10/08/2024,2024-08,Monzo Joint August,TFL TRAVEL CH\VICTORIA STREET\TFL.GOV.UK/CP\SW1H 0TL,3.00,GBP,Transportation
13/08/2024,2024-08,Monzo Joint August,Monthly Money Pot,140.00,GBP,Nothing
13/08/2024,2024-08,Monzo Joint August,Nicholas Antoniades,140.00,GBP,Pay Nicholas
13/08/2024,2024-08,Monzo Joint August,Monthly Money Pot,8.00,GBP,Nothing
13/08/2024,2024-08,Monzo Joint August,Nicholas Antoniades,8.00,GBP,Pay Nicholas
13/08/2024,2024-08,Monzo Joint August,Nicholas Antoniades,150.00,GBP,Pay Nicholas
13/08/2024,2024-08,Monzo Joint August,Monthly Money Pot,150.00,GBP,Nothing
13/08/2024,2024-08,Monzo Joint August,Monthly Money Pot,150.00,GBP,Nothing
13/08/2024,2024-08,Monzo Joint August,Nicholas Antoniades,150.00,GBP,Pay Nicholas
15/08/2024,2024-08,Monzo Joint August,TfL Travel Charge TFL.gov.uk/CP,3.70,GBP,Transportation
17/08/2024,2024-08,Monzo Joint August,Monthly Money Pot,100.00,GBP,Nothing
17/08/2024,2024-08,Monzo Joint August,WAITROSE BA15AL 1 BATH,80.00,GBP,Groceries
17/08/2024,2024-08,Monzo Joint August,APPLE.COM/BILL APPLE.COM/BIL IRL,8.99,GBP,Subscriptions
17/08/2024,2024-08,Monzo Joint August,EE TOPUP VESTA EE.CO.UK,10.00,GBP,Subscriptions
17/08/2024,2024-08,Monzo Joint August,Monthly Money Pot,9.00,GBP,Nothing
17/08/2024,2024-08,Monzo Joint August,EE TOPUP VESTA EE.CO.UK,9.00,GBP,Subscriptions
19/08/2024,2024-08,Monzo Joint August,Lara Antoniades,1.00,GBP,Pay Lara
19/08/2024,2024-08,Monzo Joint August,LA BAGUETTE BATH BA1,1.70,GBP,Activities
23/08/2024,2024-08,Monzo Joint August,PAYROLL,1766.71,GBP,Income
25/08/2024,2024-08,Monzo Joint August,EE TOPUP VESTA EE.CO.UK,10.00,GBP,Subscriptions
25/08/2024,2024-08,Monzo Joint August,Adobe ADOBE.LY/BILL IRL,19.97,GBP,Subscriptions
26/08/2024,2024-08,Monzo Joint August,SAINSBURYS SUPERMARKET CAMDEN,1.80,GBP,Groceries
28/08/2024,2024-08,Monzo Joint August,300 0110 745176066,41.62,GBP,Subscriptions
28/08/2024,2024-08,Monzo Joint August,Lara Antoniades,400.00,GBP,Pay Lara
29/08/2024,2024-08,Monzo Joint August,Payroll Aug 2024,3854.32,GBP,Income
30/08/2024,2024-08,Monzo Joint August,9TA94DV,18.45,GBP,Utilities
30/08/2024,2024-08,Monzo Joint August,TfL Travel Charge TFL.gov.uk/CP,2.70,GBP,Transportation
30/08/2024,2024-08,Monzo Joint August,J and R Kiosk London,1.30,GBP,Groceries
30/08/2024,2024-08,Monzo Joint August,PB261086276924814,3277.14,GBP,Credit card
30/08/2024,2024-08,Monzo Joint August,Nicholas Antoniades,744.00,GBP,Pay Nicholas
31/08/2024,2024-08,Monzo Joint August,PWBT1725104513320,70.69,GBP,Utilities
01/10/2024,2024-10,Monzo Joint October,10006220766,145.00,GBP,Utilities
01/10/2024,2024-10,Monzo Joint October,Spotify London,19.99,GBP,Subscriptions
02/10/2024,2024-10,Monzo Joint October,Monthly Money Pot,70.00,GBP,Nothing
02/10/2024,2024-10,Monzo Joint October,Nicholas Antoniades,70.00,GBP,Pay Nicholas
02/10/2024,2024-10,Monzo Joint October,SumUp *Nkora Limited St Albans,3.60,GBP,Shopping
02/10/2024,2024-10,Monzo Joint October,TFL TRAVEL CH\VICTORIA STREET\TFL.GOV.UK/CP\SW1H 0TL,6.70,GBP,Transportation
02/10/2024,2024-10,Monzo Joint October,Zettle_*Chiriac music LONDON,5.00,GBP,Shopping
03/10/2024,2024-10,Monzo Joint October,TfL Travel Charge TFL.gov.uk/CP,6.70,GBP,Transportation
03/10/2024,2024-10,Monzo Joint October,Monthly Money Pot,130.00,GBP,Nothing
03/10/2024,2024-10,Monzo Joint October,Coinbase UK London,70.00,GBP,Shopping
03/10/2024,2024-10,Monzo Joint October,Nicholas Antoniades,15.00,GBP,Pay Nicholas
03/10/2024,2024-10,Monzo Joint October,WWW.UKFINGERPRINTS.COM +447768433113,78.00,GBP,Admin
03/10/2024,2024-10,Monzo Joint October,TFL TRAVEL CH\VICTORIA STREET\TFL.GOV.UK/CP\SW1H 0TL,3.70,GBP,Transportation
04/10/2024,2024-10,Monzo Joint October,TFL TRAVEL CH\VICTORIA STREET\TFL.GOV.UK/CP\SW1H 0TL,3.00,GBP,Transportation
05/10/2024,2024-10,Monzo Joint October,Monthly Money Pot,200.00,GBP,Nothing
05/10/2024,2024-10,Monzo Joint October,G KAYE & J WALDREN T/A LONDON N8,110.00,GBP,Shopping
05/10/2024,2024-10,Monzo Joint October,FOTO PLUS LONDON N8 8,2.00,GBP,Shopping
05/10/2024,2024-10,Monzo Joint October,CHERRY LOCAL LONDON,2.50,GBP,Activities
05/10/2024,2024-10,Monzo Joint October,CHERRY LOCAL LONDON,2.50,GBP,Activities
05/10/2024,2024-10,Monzo Joint October,Zettle_*TURNING EARTH LONDON,18.00,GBP,Shopping
06/10/2024,2024-10,Monzo Joint October,SQ *JOLENE HORNSEY ROA London,4.70,GBP,Activities
06/10/2024,2024-10,Monzo Joint October,MARKS&SPENCER PLC SACA LONDON N4,5.45,GBP,Groceries
06/10/2024,2024-10,Monzo Joint October,TFL TRAVEL CH\VICTORIA STREET\TFL.GOV.UK/CP\SW1H 0TL,1.75,GBP,Transportation
06/10/2024,2024-10,Monzo Joint October,NYX*HiTecWashroomsSolu London,0.50,GBP,Uncategorised
06/10/2024,2024-10,Monzo Joint October,NYX*HiTecWashroomsSolu London,0.50,GBP,Uncategorised
06/10/2024,2024-10,Monzo Joint October,DELIVEROO +442036999977,13.73,GBP,Groceries
06/10/2024,2024-10,Monzo Joint October,Falafel stop Limited London,7.00,GBP,Activities
07/10/2024,2024-10,Monzo Joint October,DELIVEROO +442036999977,3.95,GBP,Groceries
07/10/2024,2024-10,Monzo Joint October,TFL TRAVEL CH\VICTORIA STREET\TFL.GOV.UK/CP\SW1H 0TL,5.80,GBP,Transportation
08/10/2024,2024-10,Monzo Joint October,MARKS&SPENCER PLC SF CROUCH END,8.85,GBP,Groceries
08/10/2024,2024-10,Monzo Joint October,WAITROSE LONDON,9.05,GBP,Groceries
09/10/2024,2024-10,Monzo Joint October,BOLT.EU/O/2410092058 London,9.50,GBP,Transportation
09/10/2024,2024-10,Monzo Joint October,BOLT.EU/O/2410092058 London,3.50,GBP,Transportation
10/10/2024,2024-10,Monzo Joint October,TESCO STORES 3220 SUNBURY,3.25,GBP,Groceries
10/10/2024,2024-10,Monzo Joint October,Monthly Money Pot,200.00,GBP,Nothing
10/10/2024,2024-10,Monzo Joint October,T1253000070,11.52,GBP,Shopping
10/10/2024,2024-10,Monzo Joint October,LIME*RIDE X23Q +448008085223,8.99,GBP,Transportation
10/10/2024,2024-10,Monzo Joint October,XING LONG MEN CHINATOW LONDON,36.14,GBP,Activities
10/10/2024,2024-10,Monzo Joint October,WING WING CHARING CROS LONDON WC2H,19.99,GBP,Activities
10/10/2024,2024-10,Monzo Joint October,WING WING CHARING CROS LONDON WC2H,2.75,GBP,Activities
10/10/2024,2024-10,Monzo Joint October,TfL Travel Charge TFL.gov.uk/CP,3.00,GBP,Transportation
11/10/2024,2024-10,Monzo Joint October,TfL Travel Charge TFL.gov.uk/CP,18.00,GBP,Transportation
11/10/2024,2024-10,Monzo Joint October,FAM MARKET LONDON,22.22,GBP,Groceries
11/10/2024,2024-10,Monzo Joint October,APPLE.COM/BILL APPLE.COM/BIL IRL,8.99,GBP,Subscriptions
12/10/2024,2024-10,Monzo Joint October,CHERRY LOCAL LONDON,2.50,GBP,Activities
13/10/2024,2024-10,Monzo Joint October,TURNING EARTH CERAMICS +442033251912,50.00,GBP,Subscriptions
13/10/2024,2024-10,Monzo Joint October,Zettle_*TURNING EARTH LONDON,18.00,GBP,Shopping
13/10/2024,2024-10,Monzo Joint October,Monthly Money Pot,200.00,GBP,Nothing
13/10/2024,2024-10,Monzo Joint October,BUY 2 SAVE (GG) LTD LONDON,120.38,GBP,Groceries
14/10/2024,2024-10,Monzo Joint October,NYX*HiTecWashroomsSolu London,0.50,GBP,Uncategorised
14/10/2024,2024-10,Monzo Joint October,NYX*HiTecWashroomsSolu London,0.50,GBP,Uncategorised
14/10/2024,2024-10,Monzo Joint October,WWW.VOXI.CO.UK NEWBURY,10.00,GBP,Utilities
14/10/2024,2024-10,Monzo Joint October,SQ *JOLENE HORNSEY ROA London,11.30,GBP,Activities
14/10/2024,2024-10,Monzo Joint October,MARKS&SPENCER PLC SF CHANCERY LANE,3.90,GBP,Groceries
14/10/2024,2024-10,Monzo Joint October,SAINSBURYS- FETTER LAN LONDON,1.50,GBP,Groceries
14/10/2024,2024-10,Monzo Joint October,SumUp *Nkora Limited St Albans,7.90,GBP,Shopping
15/10/2024,2024-10,Monzo Joint October,MARKS&SPENCER PLC SF CHANCERY LANE,4.00,GBP,Groceries
16/10/2024,2024-10,Monzo Joint October,TFL TRAVEL CH\VICTORIA STREET\TFL.GOV.UK/CP\SW1H 0TL,5.50,GBP,Transportation
16/10/2024,2024-10,Monzo Joint October,MARKS&SPENCER PLC SF CHANCERY LANE,4.75,GBP,Groceries
16/10/2024,2024-10,Monzo Joint October,Adobe ADOBE.LY/BILL IRL,19.97,GBP,Subscriptions
16/10/2024,2024-10,Monzo Joint October,PPOINT_*NEWCROSS LO LT LONDON,2.35,GBP,Shopping
16/10/2024,2024-10,Monzo Joint October,Zettle_*Raj Swamy London,3.00,GBP,Pay Amy
16/10/2024,2024-10,Monzo Joint October,M&S SIMPLY FOOD-SSP LONDON BRIDGE,9.00,GBP,Activities
17/10/2024,2024-10,Monzo Joint October,TfL Unpaid Fares TFL.gov.uk/CP,0.10,GBP,Transportation
17/10/2024,2024-10,Monzo Joint October,TFL TRAVEL CH\VICTORIA STREET\TFL.GOV.UK/CP\SW1H 0TL,10.00,GBP,Transportation
17/10/2024,2024-10,Monzo Joint October,TFL TRAVEL CH\VICTORIA STREET\TFL.GOV.UK/CP\SW1H 0TL,9.20,GBP,Transportation
18/10/2024,2024-10,Monzo Joint October,Monthly Money Pot,200.00,GBP,Nothing
18/10/2024,2024-10,Monzo Joint October,APPLE.COM/BILL 08001076285 IRL,5.99,GBP,Subscriptions
19/10/2024,2024-10,Monzo Joint October,GAILS - CROUCH END LONDON,23.30,GBP,Activities
19/10/2024,2024-10,Monzo Joint October,SAINSBURY S CROUCH END LONDON,11.80,GBP,Groceries
19/10/2024,2024-10,Monzo Joint October,Zettle_*TURNING EARTH LONDON,21.00,GBP,Shopping
20/10/2024,2024-10,Monzo Joint October,WAITROSE LONDON,16.45,GBP,Groceries
21/10/2024,2024-10,Monzo Joint October,SQ *JOLENE HORNSEY ROA London,7.40,GBP,Activities
21/10/2024,2024-10,Monzo Joint October,SumUp *Nkora Limited St Albans,7.90,GBP,Shopping
21/10/2024,2024-10,Monzo Joint October,XING LONG MEN CHINATOW LONDON,22.68,GBP,Activities
21/10/2024,2024-10,Monzo Joint October,Bun House Chinatown London,14.80,GBP,Activities
21/10/2024,2024-10,Monzo Joint October,Zettle_*GPX music Surrey,2.00,GBP,Shopping
21/10/2024,2024-10,Monzo Joint October,TfL Travel Charge TFL.gov.uk/CP,3.00,GBP,Transportation
21/10/2024,2024-10,Monzo Joint October,Old Bell Tavern LONDON,40.40,GBP,Activities
22/10/2024,2024-10,Monzo Joint October,Zettle_*Joe Franco Mus LONDON,3.00,GBP,Shopping
23/10/2024,2024-10,Monzo Joint October,LIME*RIDE X23Q +448008085223,1.74,GBP,Transportation
23/10/2024,2024-10,Monzo Joint October,TFL TRAVEL CH\VICTORIA STREET\TFL.GOV.UK/CP\SW1H 0TL,6.70,GBP,Transportation
24/10/2024,2024-10,Monzo Joint October,TFL TRAVEL CH\VICTORIA STREET\TFL.GOV.UK/CP\SW1H 0TL,3.00,GBP,Transportation
24/10/2024,2024-10,Monzo Joint October,TFL TRAVEL CH\VICTORIA STREET\TFL.GOV.UK/CP\SW1H 0TL,3.00,GBP,Transportation
25/10/2024,2024-10,Monzo Joint October,TfL Unpaid Fares TFL.gov.uk/CP,0.10,GBP,Transportation
25/10/2024,2024-10,Monzo Joint October,TfL Unpaid Fares TFL.gov.uk/CP,0.10,GBP,Transportation
25/10/2024,2024-10,Monzo Joint October,PAYROLL,1766.91,GBP,Income
25/10/2024,2024-10,Monzo Joint October,TfL Unpaid Fares TFL.gov.uk/CP,0.10,GBP,Transportation
25/10/2024,2024-10,Monzo Joint October,Lara Antoniades,1500.00,GBP,Pay Lara
25/10/2024,2024-10,Monzo Joint October,Lara Antoniades,113.11,GBP,Pay Lara
25/10/2024,2024-10,Monzo Joint October,APPLE.COM/BILL APPLE.COM/BIL IRL,9.99,GBP,Subscriptions
25/10/2024,2024-10,Monzo Joint October,TfL Travel Charge TFL.gov.uk/CP,6.00,GBP,Transportation
25/10/2024,2024-10,Monzo Joint October,M&S SIMPLY FOOD-SSP LONDON BRIDGE,8.15,GBP,Activities
25/10/2024,2024-10,Monzo Joint October,Trainline.Com London,38.80,GBP,Transportation
25/10/2024,2024-10,Monzo Joint October,M&S SIMPLY FOOD - SSP CHARING CROSS,1.65,GBP,Activities
25/10/2024,2024-10,Monzo Joint October,MCDONALDS LONDON,4.37,GBP,Activities
26/10/2024,2024-10,Monzo Joint October,TfL Travel Charge TFL.gov.uk/CP,6.00,GBP,Transportation
26/10/2024,2024-10,Monzo Joint October,Zettle_*TURNING EARTH LONDON,18.00,GBP,Shopping
07/07/2024,2024-07,Monzo Lara Flex July,MGP*Vinted London,0.10,GBP,Shopping
07/07/2024,2024-07,Monzo Lara Flex July,MGP*Vinted London,0.10,GBP,Shopping
07/07/2024,2024-07,Monzo Lara Flex July,MGP*Vinted 99917365 London,12.00,GBP,Shopping
08/07/2024,2024-07,Monzo Lara Flex July,MGP*Vinted 99966429 London,142.39,GBP,Shopping
08/07/2024,2024-07,Monzo Lara Flex July,MGP*Vinted London,173.89,GBP,Shopping
08/07/2024,2024-07,Monzo Lara Flex July,MGP*Vinted London,8.85,GBP,Shopping
08/07/2024,2024-07,Monzo Lara Flex July,MGP*Vinted London,24.60,GBP,Shopping
09/07/2024,2024-07,Monzo Lara Flex July,MGP-VINTED\109 Kesperry House\London\SE13XB,142.39,GBP,Shopping
09/07/2024,2024-07,Monzo Lara Flex July,MGP*Vinted London,25.65,GBP,Shopping
09/07/2024,2024-07,Monzo Lara Flex July,MGP*Vinted London,27.32,GBP,Shopping
15/07/2024,2024-07,Monzo Lara Flex July,WETRANSFER +31208100779 NLD,11.00,GBP,Shopping
18/07/2024,2024-07,Monzo Lara Flex July,PPOINT_*CU CONVENIENCE London,4.08,GBP,Shopping
19/07/2024,2024-07,Monzo Lara Flex July,SIDNEY ROSE LONDON W1S,1.20,GBP,Shopping
22/07/2024,2024-07,Monzo Lara Flex July,MGP*Vinted London,9.99,GBP,Shopping
24/07/2024,2024-07,Monzo Lara Flex July,PPOINT_*CU CONVENIENCE London,6.66,GBP,Shopping
25/07/2024,2024-07,Monzo Lara Flex July,PPOINT_*CU CONVENIENCE London,16.47,GBP,Shopping
26/07/2024,2024-07,Monzo Lara Flex July,The Woodman London,10.85,GBP,Activities
26/07/2024,2024-07,Monzo Lara Flex July,The Woodman London,51.91,GBP,Activities
27/07/2024,2024-07,Monzo Lara Flex July,MGP*Vinted London,5.79,GBP,Shopping
27/07/2024,2024-07,Monzo Lara Flex July,MGP*Vinted London,8.64,GBP,Shopping
27/07/2024,2024-07,Monzo Lara Flex July,MGP*Vinted London,28.80,GBP,Shopping
27/07/2024,2024-07,Monzo Lara Flex July,MGP*Vinted London,7.89,GBP,Shopping
27/07/2024,2024-07,Monzo Lara Flex July,MGP*Vinted London,8.85,GBP,Shopping
27/07/2024,2024-07,Monzo Lara Flex July,MGP*Vinted London,6.84,GBP,Shopping
28/07/2024,2024-07,Monzo Lara Flex July,MGP*Vinted London,6.75,GBP,Shopping
28/07/2024,2024-07,Monzo Lara Flex July,Flex,197.58,GBP,Nothing
28/07/2024,2024-07,Monzo Lara Flex July,MGP*Vinted 99920294 London,35.05,GBP,Shopping
28/07/2024,2024-07,Monzo Lara Flex July,MGP*Vinted London,28.80,GBP,Shopping
29/07/2024,2024-07,Monzo Lara Flex July,GOOGLE *Google One 650-253-0000,184.99,GBP,Subscriptions
29/07/2024,2024-07,Monzo Lara Flex July,MGP*Vinted London,56.10,GBP,Shopping
30/07/2024,2024-07,Monzo Lara Flex July,PPOINT_*CU CONVENIENCE London,25.16,GBP,Shopping
31/07/2024,2024-07,Monzo Lara Flex July,MGP*Vinted London,14.19,GBP,Shopping
31/07/2024,2024-07,Monzo Lara Flex July,MGP*Vinted London,12.00,GBP,Shopping
02/07/2024,2024-07,Monzo Joint July,Monthly Money Pot,75.00,GBP,Nothing
02/07/2024,2024-07,Monzo Joint July,Nicholas Antoniades,75.00,GBP,Pay Nicholas
03/07/2024,2024-07,Monzo Joint July,Monthly Money Pot,2100.00,GBP,Nothing
03/07/2024,2024-07,Monzo Joint July,1 Montenotte Rent,2100.00,GBP,Rent
03/07/2024,2024-07,Monzo Joint July,Monthly Money Pot,60.00,GBP,Nothing
03/07/2024,2024-07,Monzo Joint July,Nicholas Antoniade,9.00,GBP,Pay Nicholas
03/07/2024,2024-07,Monzo Joint July,036036708001,28.83,GBP,Utilities
03/07/2024,2024-07,Monzo Joint July,Spotify London,19.99,GBP,Subscriptions
04/07/2024,2024-07,Monzo Joint July,Monthly Money Pot,15.00,GBP,Nothing
04/07/2024,2024-07,Monzo Joint July,EE TOPUP VESTA EE.CO.UK,15.00,GBP,Subscriptions
04/07/2024,2024-07,Monzo Joint July,Monthly Money Pot,3093.42,GBP,Nothing
04/07/2024,2024-07,Monzo Joint July,PB776985199898835,3093.42,GBP,Credit card
05/07/2024,2024-07,Monzo Joint July,Monthly Money Pot,15.00,GBP,Nothing
05/07/2024,2024-07,Monzo Joint July,EE TOPUP VESTA EE.CO.UK,15.00,GBP,Subscriptions
06/07/2024,2024-07,Monzo Joint July,Monthly Money Pot,20.00,GBP,Nothing
06/07/2024,2024-07,Monzo Joint July,Plateia Agiou Lazarou Larnaka CYP,0.00,GBP,Activities
06/07/2024,2024-07,Monzo Joint July,Plateia Agiou Lazarou Larnaka CYP,23.09,GBP,Activities
06/07/2024,2024-07,Monzo Joint July,Monthly Money Pot,160.00,GBP,Nothing
06/07/2024,2024-07,Monzo Joint July,Lara Antoniades,160.00,GBP,Pay Lara
06/07/2024,2024-07,Monzo Joint July,Lara Antoniades,5.00,GBP,Pay Lara
06/07/2024,2024-07,Monzo Joint July,Monthly Money Pot,12.00,GBP,Nothing
07/07/2024,2024-07,Monzo Joint July,Monthly Money Pot,30.00,GBP,Nothing
07/07/2024,2024-07,Monzo Joint July,Lara Antoniades,30.00,GBP,Pay Lara
07/07/2024,2024-07,Monzo Joint July,Lara Antoniades,12.00,GBP,Pay Lara
08/07/2024,2024-07,Monzo Joint July,Lara Antoniades,6.00,GBP,Pay Lara
08/07/2024,2024-07,Monzo Joint July,Boost,6.00,GBP,Uncategorised
15/07/2024,2024-07,Monzo Joint July,Emergency Savings Pot,500.00,GBP,Nothing
16/07/2024,2024-07,Monzo Joint July,CONNOLLY,11.00,GBP,Income
16/07/2024,2024-07,Monzo Joint July,Adobe.com Saggart,19.97,GBP,Subscriptions
16/07/2024,2024-07,Monzo Joint July,APPLE.COM/BILL APPLE.COM/BIL IRL,8.99,GBP,Subscriptions
17/07/2024,2024-07,Monzo Joint July,EE TOPUP VESTA EE.CO.UK,13.50,GBP,Subscriptions
19/07/2024,2024-07,Monzo Joint July,BATH POTTERS SUPPLIES RADSTOCK,41.26,GBP,Shopping
20/07/2024,2024-07,Monzo Joint July,PPOINT_*CU CONVENIENCE London,5.48,GBP,Shopping
20/07/2024,2024-07,Monzo Joint July,Zettle_*TURNING EARTH LONDON,54.00,GBP,Shopping
22/07/2024,2024-07,Monzo Joint July,VG0707304000824851,0.28,GBP,Utilities
23/07/2024,2024-07,Monzo Joint July,Park Local Express London,3.18,GBP,Activities
23/07/2024,2024-07,Monzo Joint July,Park Local Express London,2.99,GBP,Activities
25/07/2024,2024-07,Monzo Joint July,LONDON OVERGROUND SST CROUCH HILL,13.40,GBP,Transportation
25/07/2024,2024-07,Monzo Joint July,PAYROLL,1766.91,GBP,Income
27/07/2024,2024-07,Monzo Joint July,Microsoft*EA Play 1 Mo msbill.info,5.99,GBP,Subscriptions
27/07/2024,2024-07,Monzo Joint July,Monthly Money Pot,1800.00,GBP,Nothing
27/07/2024,2024-07,Monzo Joint July,PPOINT_*CU CONVENIENCE London,1.50,GBP,Shopping
28/07/2024,2024-07,Monzo Joint July,TfL Travel Charge TFL.gov.uk/CP,6.70,GBP,Transportation
28/07/2024,2024-07,Monzo Joint July,THE COCK INN RICKMANSWORTH,16.35,GBP,Activities
28/07/2024,2024-07,Monzo Joint July,THE COCK INN RICKMANSWORTH,8.95,GBP,Activities
28/07/2024,2024-07,Monzo Joint July,Lara Antoniades,192.00,GBP,Pay Lara
29/07/2024,2024-07,Monzo Joint July,SAINSBURYS- FETTER LAN LONDON,2.85,GBP,Groceries
30/07/2024,2024-07,Monzo Joint July,300 0110 745176066,41.62,GBP,Subscriptions
30/07/2024,2024-07,Monzo Joint July,9TA94DV,18.45,GBP,Utilities
31/07/2024,2024-07,Monzo Joint July,Payroll July 2024,3854.32,GBP,Income
31/07/2024,2024-07,Monzo Joint July,PB620943295620576,2404.68,GBP,Credit card
31/07/2024,2024-07,Monzo Joint July,Nicholas Antoniades,10.00,GBP,Pay Nicholas
31/07/2024,2024-07,Monzo Joint July,Monthly Money Pot,1300.00,GBP,Nothing
01/09/2024,2024-09,Monzo Lara Flex September,KEMSING PREMIER SEVENOAKS,3.24,GBP,Activities
04/09/2024,2024-09,Monzo Lara Flex September,SQ *POPHAMS HACKNEY London,3.80,GBP,Activities
14/09/2024,2024-09,Monzo Lara Flex September,PETERSHAM NURSERIES CA RICHMOND,22.78,GBP,Activities
15/09/2024,2024-09,Monzo Lara Flex September,WETRANSFER* BB2119B7 AMSTERDAM NLD,11.00,GBP,Shopping
19/09/2024,2024-09,Monzo Lara Flex September,TESCO STORES MAYFAIR,18.40,GBP,Groceries
20/09/2024,2024-09,Monzo Lara Flex September,LIME*PASS X23Q +448008085223,36.99,GBP,Transportation
21/09/2024,2024-09,Monzo Lara Flex September,CONNOLLY RETAIL LTD LONDON,375.00,GBP,Income
22/09/2024,2024-09,Monzo Lara Flex September,GAILS BUCKINGHAM PALAC LONDON,20.80,GBP,Activities
24/09/2024,2024-09,Monzo Lara Flex September,TfL Travel Charge TFL.gov.uk/CP,3.00,GBP,Transportation
25/09/2024,2024-09,Monzo Lara Flex September,MGP*Vinted London,6.23,GBP,Shopping
29/09/2024,2024-09,Monzo Lara Flex September,Flex,467.01,GBP,Nothing
29/09/2024,2024-09,Monzo Lara Flex September,MGP*Vinted London,9.29,GBP,Shopping
29/09/2024,2024-09,Monzo Lara Flex September,GOOGLE *Google One 650-253-0000,184.99,GBP,Subscriptions
23/10/2024,2024-10,Amex Joint JulyOctober,TURNING EARTH LEYTON LONDON,245.00,GBP,Subscriptions
23/10/2024,2024-10,Amex Joint JulyOctober,TURNING EARTH LEYTON LONDON,245.00,GBP,Subscriptions
20/10/2024,2024-10,Amex Joint JulyOctober,SAINSBURYS ONLINE LONDON,1.35,GBP,Groceries
20/10/2024,2024-10,Amex Joint JulyOctober,SAINSBURYS ONLINE LONDON,91.17,GBP,Groceries
19/10/2024,2024-10,Amex Joint JulyOctober,AMAZON.CO.UK*T300X6DK4 AMAZON.CO.UK,21.97,GBP,Shopping
17/10/2024,2024-10,Amex Joint JulyOctober,APPLE.COM/BILL HOLLYHILL,19.99,GBP,Subscriptions
17/10/2024,2024-10,Amex Joint JulyOctober,PRIME VIDEO *T38DC5PM4 353-12477661,5.99,GBP,Subscriptions
15/10/2024,2024-10,Amex Joint JulyOctober,LIME*RIDE FZY2 LONDON,2.32,GBP,Transportation
14/10/2024,2024-10,Amex Joint JulyOctober,AMAZON.CO.UK AMAZON.CO.UK,104.99,GBP,Shopping
14/10/2024,2024-10,Amex Joint JulyOctober,AMAZON.CO.UK*TQ8MJ6WU4 AMAZON.CO.UK,104.99,GBP,Shopping
14/10/2024,2024-10,Amex Joint JulyOctober,AMAZON.CO.UK*TQ96187W4 AMAZON.CO.UK,104.99,GBP,Shopping
14/10/2024,2024-10,Amex Joint JulyOctober,AMZNMKTPLACE*TQ8GM9IR4 AMAZON.CO.UK,8.49,GBP,Shopping
13/10/2024,2024-10,Amex Joint JulyOctober,AMAZON.CO.UK*TQ02R4DO4 AMAZON.CO.UK,15.90,GBP,Shopping
13/10/2024,2024-10,Amex Joint JulyOctober,AMZNMKTPLACE*TQ2TC72N4 AMAZON.CO.UK,14.99,GBP,Shopping
09/10/2024,2024-10,Amex Joint JulyOctober,AMAZON.CO.UK*TQ12J0O64 AMAZON.CO.UK,5.32,GBP,Shopping
09/10/2024,2024-10,Amex Joint JulyOctober,AMAZON.CO.UK*TQ1JU4OP4 AMAZON.CO.UK,4.69,GBP,Shopping
09/10/2024,2024-10,Amex Joint JulyOctober,AMZNMKTPLACE*TQ19M5ZF4 AMAZON.CO.UK,23.97,GBP,Shopping
09/10/2024,2024-10,Amex Joint JulyOctober,AMZNMKTPLACE*TQ21K5OO4 AMAZON.CO.UK,13.99,GBP,Shopping
09/10/2024,2024-10,Amex Joint JulyOctober,AMZNMKTPLACE*TQ4042464 AMAZON.CO.UK,16.14,GBP,Shopping
09/10/2024,2024-10,Amex Joint JulyOctober,DISNEY PLUS HAMMERSMITH,7.99,GBP,Subscriptions
09/10/2024,2024-10,Amex Joint JulyOctober,LIME*RIDE FZY2 LONDON,6.09,GBP,Transportation
07/10/2024,2024-10,Amex Joint JulyOctober,SAINSBURYS ONLINE LONDON,92.21,GBP,Groceries
04/10/2024,2024-10,Amex Joint JulyOctober,AMAZON.CO.UK*TO94F7LH4 AMAZON.CO.UK,21.99,GBP,Shopping
03/10/2024,2024-10,Amex Joint JulyOctober,EVENTIM UK COMMERCE LONDON,52.25,GBP,Entertainment
03/10/2024,2024-10,Amex Joint JulyOctober,OPENAI *CHATGPT SUBSCR SAN FRANCISCO,18.66,GBP,Subscriptions
02/10/2024,2024-10,Amex Joint JulyOctober,AMAZON PRIME*TA8IH4KT4 AMZN.CO.UK/PM,8.99,GBP,Shopping
01/10/2024,2024-10,Amex Joint JulyOctober,AMZNMKTPLACE AMAZON.CO.UK,138.18,GBP,Shopping
01/10/2024,2024-10,Amex Joint JulyOctober,AMZNMKTPLACE*TA9B10BP4 AMAZON.CO.UK,56.00,GBP,Shopping
30/09/2024,2024-09,Amex Joint JulyOctober,AMZNMKTPLACE*TA6M54QN4 AMAZON.CO.UK,58.77,GBP,Shopping
29/09/2024,2024-09,Amex Joint JulyOctober,PAYMENT RECEIVED - THANK YOU,212.26,GBP,Credit card
28/09/2024,2024-09,Amex Joint JulyOctober,LIME*RIDE FZY2 LONDON,8.12,GBP,Transportation
26/09/2024,2024-09,Amex Joint JulyOctober,AMZNMKTPLACE*TH4AF0UY4 AMAZON.CO.UK,54.70,GBP,Shopping
26/09/2024,2024-09,Amex Joint JulyOctober,AMZNMKTPLACE*TH74T2KP4 AMAZON.CO.UK,5.99,GBP,Shopping
26/09/2024,2024-09,Amex Joint JulyOctober,PAYMENT RECEIVED - THANK YOU,781.86,GBP,Credit card
26/09/2024,2024-09,Amex Joint JulyOctober,SAINSBURYS ONLINE LONDON,1.75,GBP,Groceries
26/09/2024,2024-09,Amex Joint JulyOctober,SAINSBURYS ONLINE LONDON,145.20,GBP,Groceries
23/09/2024,2024-09,Amex Joint JulyOctober,TURNING EARTH LEYTON LONDON,245.00,GBP,Subscriptions
23/09/2024,2024-09,Amex Joint JulyOctober,TURNING EARTH LEYTON LONDON,245.00,GBP,Subscriptions
22/09/2024,2024-09,Amex Joint JulyOctober,AMZNMKTPLACE*TH5YV23A4 AMAZON.CO.UK,4.49,GBP,Shopping
17/09/2024,2024-09,Amex Joint JulyOctober,AMZNMKTPLACE*T67F94MZ4 AMAZON.CO.UK,13.43,GBP,Shopping
17/09/2024,2024-09,Amex Joint JulyOctober,APPLE.COM/BILL HOLLYHILL,19.99,GBP,Subscriptions
11/09/2024,2024-09,Amex Joint JulyOctober,AMZNMKTPLACE*YI3WH3SB5 AMAZON.CO.UK,12.99,GBP,Shopping
09/09/2024,2024-09,Amex Joint JulyOctober,DISNEY PLUS HAMMERSMITH,7.99,GBP,Subscriptions
03/09/2024,2024-09,Amex Joint JulyOctober,OPENAI *CHATGPT SUBSCR SAN FRANCISCO,18.83,GBP,Subscriptions
03/09/2024,2024-09,Amex Joint JulyOctober,PAYMENT RECEIVED - THANK YOU,342.78,GBP,Credit card
02/09/2024,2024-09,Amex Joint JulyOctober,AMAZON PRIME*FG4A58UJ5 AMZN.CO.UK/PM,8.99,GBP,Shopping
01/09/2024,2024-09,Amex Joint JulyOctober,AMZNMKTPLACE*FO7WA4GS5 AMAZON.CO.UK,91.14,GBP,Shopping
01/09/2024,2024-09,Amex Joint JulyOctober,AMZNMKTPLACE*L33623285 AMAZON.CO.UK,18.99,GBP,Shopping
01/09/2024,2024-09,Amex Joint JulyOctober,ARKNET LONDON,27.00,GBP,Shopping
01/09/2024,2024-09,Amex Joint JulyOctober,ARKNET LONDON,37.00,GBP,Shopping
01/09/2024,2024-09,Amex Joint JulyOctober,BOBBIBROWN.CO.UK LONDON,123.00,GBP,Toiletries
01/09/2024,2024-09,Amex Joint JulyOctober,COSTA SEVENOAKS RAILWAY SEVENOAKS,6.40,GBP,Activities
01/09/2024,2024-09,Amex Joint JulyOctober,DECIEM UK LTD. LONDON,73.10,GBP,Shopping
01/09/2024,2024-09,Amex Joint JulyOctober,FIVE GUYS JV LTD LONDON,30.15,GBP,Activities
01/09/2024,2024-09,Amex Joint JulyOctober,LIME*RIDE FZY2 LONDON,9.86,GBP,Transportation
01/09/2024,2024-09,Amex Joint JulyOctober,RYOHIN KEIKAKU EUROPE L LONDON,18.90,GBP,Shopping
01/09/2024,2024-09,Amex Joint JulyOctober,THE MOUNT VINEYARD LONDON,35.89,GBP,Activities
01/09/2024,2024-09,Amex Joint JulyOctober,TRAINLINE trainline LONDON,21.10,GBP,Transportation
01/09/2024,2024-09,Amex Joint JulyOctober,UNIQLO EUROPE LTD LONDON,55.40,GBP,Shopping
30/08/2024,2024-08,Amex Joint JulyOctober,PAYMENT RECEIVED - THANK YOU,3277.14,GBP,Credit card
29/08/2024,2024-08,Amex Joint JulyOctober,J and R Kiosk London,1.30,GBP,Groceries
29/08/2024,2024-08,Amex Joint JulyOctober,J and R Kiosk London,1.30,GBP,Groceries
28/08/2024,2024-08,Amex Joint JulyOctober,LIME*PASS X23Q LONDON,36.99,GBP,Transportation
28/08/2024,2024-08,Amex Joint JulyOctober,LIME*RIDE X23Q LONDON,0.58,GBP,Transportation
28/08/2024,2024-08,Amex Joint JulyOctober,LIME*RIDE X23Q LONDON,2.16,GBP,Transportation
28/08/2024,2024-08,Amex Joint JulyOctober,SAINSBURYS ONLINE LONDON,1.50,GBP,Groceries
28/08/2024,2024-08,Amex Joint JulyOctober,SAINSBURYS ONLINE LONDON,74.26,GBP,Groceries
28/08/2024,2024-08,Amex Joint JulyOctober,WAITROSE CROUCH END CROUCH END,22.65,GBP,Groceries
28/08/2024,2024-08,Amex Joint JulyOctober,ZETTLE *TURNING EARTH C LONDON,18.00,GBP,Shopping
27/08/2024,2024-08,Amex Joint JulyOctober,3CPAYMENT*PRET A MANGER LONDON,5.50,GBP,Activities
27/08/2024,2024-08,Amex Joint JulyOctober,Crouch End Greens LTD London,4.93,GBP,Groceries
27/08/2024,2024-08,Amex Joint JulyOctober,M&S CROUCH END SIMPLY F LONDON,38.85,GBP,Groceries
27/08/2024,2024-08,Amex Joint JulyOctober,SIDNEY ROSE LONDON,4.39,GBP,Shopping
27/08/2024,2024-08,Amex Joint JulyOctober,TFL TRAVEL CHARGE TFL.GOV.UK/CP,3.70,GBP,Transportation
27/08/2024,2024-08,Amex Joint JulyOctober,ZETTLE *LOST GRAVITY LONDON,3.00,GBP,Shopping
26/08/2024,2024-08,Amex Joint JulyOctober,Comptoir London,64.24,GBP,Activities
26/08/2024,2024-08,Amex Joint JulyOctober,LIME*PASS FZY2 LONDON,36.99,GBP,Transportation
26/08/2024,2024-08,Amex Joint JulyOctober,LIME*RIDE FZY2 LONDON,24.52,GBP,Transportation
26/08/2024,2024-08,Amex Joint JulyOctober,LONDON BRIDGE CONFECTIO LONDON,4.99,GBP,Shopping
26/08/2024,2024-08,Amex Joint JulyOctober,TFL TRAVEL CHARGE TFL.GOV.UK/CP,1.90,GBP,Transportation
26/08/2024,2024-08,Amex Joint JulyOctober,THE DUSTY KNUCKLE London,23.70,GBP,Activities
25/08/2024,2024-08,Amex Joint JulyOctober,Crouch end hardware London,5.98,GBP,Shopping
25/08/2024,2024-08,Amex Joint JulyOctober,GAIL'S CROUCH END LONDON,14.85,GBP,Activities
24/08/2024,2024-08,Amex Joint JulyOctober,M&S CROUCH END SIMPLY F LONDON,35.25,GBP,Groceries
24/08/2024,2024-08,Amex Joint JulyOctober,ZETTLE *TURNING EARTH C LONDON,40.50,GBP,Shopping
23/08/2024,2024-08,Amex Joint JulyOctober,AMZNMKTPLACE*AR41K5QI5 AMAZON.CO.UK,11.00,GBP,Shopping
23/08/2024,2024-08,Amex Joint JulyOctober,GAIL'S BUCKINHAM PALACE LONDON,23.60,GBP,Activities
23/08/2024,2024-08,Amex Joint JulyOctober,QUEEN'S LONDON,7.50,GBP,Activities
23/08/2024,2024-08,Amex Joint JulyOctober,TURNING EARTH LEYTON LONDON,245.00,GBP,Subscriptions
23/08/2024,2024-08,Amex Joint JulyOctober,TURNING EARTH LEYTON LONDON,245.00,GBP,Subscriptions
23/08/2024,2024-08,Amex Joint JulyOctober,UBER TRIP HTTPS://HELP.UB,15.90,GBP,Transportation
23/08/2024,2024-08,Amex Joint JulyOctober,V&A LONDON,7.20,GBP,Activities
22/08/2024,2024-08,Amex Joint JulyOctober,PRIME VIDEO *HO2TY1105 353-12477661,7.99,GBP,Subscriptions
21/08/2024,2024-08,Amex Joint JulyOctober,AMZNMKTPLACE AMAZON.CO.UK,29.80,GBP,Shopping
21/08/2024,2024-08,Amex Joint JulyOctober,GAIL'S CROUCH END LONDON,12.40,GBP,Activities
21/08/2024,2024-08,Amex Joint JulyOctober,M&S CROUCH END SIMPLY F LONDON,57.65,GBP,Groceries
21/08/2024,2024-08,Amex Joint JulyOctober,TFL TRAVEL CHARGE TFL.GOV.UK/CP,3.00,GBP,Transportation
21/08/2024,2024-08,Amex Joint JulyOctober,ZETTLE *LANDRACE BAKERY BATH,21.05,GBP,Activities
20/08/2024,2024-08,Amex Joint JulyOctober,Bath Old Books Bath,37.00,GBP,Shopping
20/08/2024,2024-08,Amex Joint JulyOctober,The Raven Bath,2.80,GBP,Activities
20/08/2024,2024-08,Amex Joint JulyOctober,The Raven Bath,7.40,GBP,Activities
20/08/2024,2024-08,Amex Joint JulyOctober,The Raven Bath,22.80,GBP,Activities
20/08/2024,2024-08,Amex Joint JulyOctober,ZETTLE *LANDRACE BAKERY BATH,16.10,GBP,Activities
19/08/2024,2024-08,Amex Joint JulyOctober,Cafe Lucca Bath,16.06,GBP,Activities
19/08/2024,2024-08,Amex Joint JulyOctober,JIGSAW BATH 006 BATH,52.00,GBP,Shopping
19/08/2024,2024-08,Amex Joint JulyOctober,THERMAE BATH SPA BATH,5.00,GBP,Entertainment
19/08/2024,2024-08,Amex Joint JulyOctober,THERMAE BATH SPA BATH,82.00,GBP,Entertainment
19/08/2024,2024-08,Amex Joint JulyOctober,WAITROSE BATH BATH,1.25,GBP,Groceries
19/08/2024,2024-08,Amex Joint JulyOctober,WAITROSE BATH BATH,53.20,GBP,Groceries
18/08/2024,2024-08,Amex Joint JulyOctober,AMZNMKTPLACE*EE85V6S35 AMAZON.CO.UK,33.29,GBP,Shopping
18/08/2024,2024-08,Amex Joint JulyOctober,Bath Bun Tea Shoppe Bath,18.70,GBP,Shopping
18/08/2024,2024-08,Amex Joint JulyOctober,ETSY UK LONDON,20.34,GBP,Shopping
18/08/2024,2024-08,Amex Joint JulyOctober,TOAST UK LONDON,59.00,GBP,Shopping
17/08/2024,2024-08,Amex Joint JulyOctober,APPLE.COM/BILL HOLLYHILL,19.99,GBP,Subscriptions
17/08/2024,2024-08,Amex Joint JulyOctober,BOOTS THE CHEMIST BATH,3.40,GBP,Toiletries
17/08/2024,2024-08,Amex Joint JulyOctober,BOOTS THE CHEMIST BATH,5.10,GBP,Toiletries
17/08/2024,2024-08,Amex Joint JulyOctober,BOOTS THE CHEMIST BATH,27.99,GBP,Toiletries
17/08/2024,2024-08,Amex Joint JulyOctober,Upstairs at Landrace Bath,20.20,GBP,Activities
17/08/2024,2024-08,Amex Joint JulyOctober,Upstairs at Landrace Bath,56.10,GBP,Activities
17/08/2024,2024-08,Amex Joint JulyOctober,WAITROSE BATH BATH,20.13,GBP,Groceries
17/08/2024,2024-08,Amex Joint JulyOctober,WATERSTONES BATH,8.99,GBP,Shopping
17/08/2024,2024-08,Amex Joint JulyOctober,ZETTLE *AVELLINO_S ITAL BATH,3.00,GBP,Activities
16/08/2024,2024-08,Amex Joint JulyOctober,FIRST GREATER WESTERN SWINDON,6.80,GBP,Transportation
16/08/2024,2024-08,Amex Joint JulyOctober,LONDON CAMERA EXCHANGE BATH,14.99,GBP,Shopping
16/08/2024,2024-08,Amex Joint JulyOctober,TFL TRAVEL CHARGE TFL.GOV.UK/CP,3.00,GBP,Transportation
16/08/2024,2024-08,Amex Joint JulyOctober,TFL TRAVEL CHARGE TFL.GOV.UK/CP,3.00,GBP,Transportation
15/08/2024,2024-08,Amex Joint JulyOctober,JOLENE HORNSEY ROAD (BA London,3.90,GBP,Activities
15/08/2024,2024-08,Amex Joint JulyOctober,JOLENE HORNSEY ROAD (BA London,15.20,GBP,Activities
15/08/2024,2024-08,Amex Joint JulyOctober,Morris's of Bond Street London,26.00,GBP,Shopping
15/08/2024,2024-08,Amex Joint JulyOctober,TFL TRAVEL CHARGE TFL.GOV.UK/CP,3.70,GBP,Transportation
14/08/2024,2024-08,Amex Joint JulyOctober,BOLT LONDON,16.80,GBP,Transportation
14/08/2024,2024-08,Amex Joint JulyOctober,DELIVEROO LONDON,110.78,GBP,Groceries
14/08/2024,2024-08,Amex Joint JulyOctober,LIME*PASS FZY2 LONDON,36.99,GBP,Transportation
14/08/2024,2024-08,Amex Joint JulyOctober,LIME*PASS X23Q LONDON,36.99,GBP,Transportation
14/08/2024,2024-08,Amex Joint JulyOctober,LIME*RIDE FZY2 LONDON,3.77,GBP,Transportation
14/08/2024,2024-08,Amex Joint JulyOctober,LIME*RIDE X23Q LONDON,0.30,GBP,Transportation
14/08/2024,2024-08,Amex Joint JulyOctober,LIME*RIDE X23Q LONDON,3.31,GBP,Transportation
14/08/2024,2024-08,Amex Joint JulyOctober,M&S CROUCH END SIMPLY F LONDON,39.62,GBP,Groceries
14/08/2024,2024-08,Amex Joint JulyOctober,TFL TRAVEL CHARGE TFL.GOV.UK/CP,3.70,GBP,Transportation
14/08/2024,2024-08,Amex Joint JulyOctober,THE JAR - HEALTHY VENDI LONDON,1.69,GBP,Activities
14/08/2024,2024-08,Amex Joint JulyOctober,THE JAR - HEALTHY VENDI LONDON,1.69,GBP,Activities
14/08/2024,2024-08,Amex Joint JulyOctober,THE JAR - HEALTHY VENDI LONDON,2.99,GBP,Activities
14/08/2024,2024-08,Amex Joint JulyOctober,THE JAR - HEALTHY VENDI LONDON,3.38,GBP,Activities
14/08/2024,2024-08,Amex Joint JulyOctober,THE JAR - HEALTHY VENDI LONDON,4.68,GBP,Activities
13/08/2024,2024-08,Amex Joint JulyOctober,BOLT LONDON,22.60,GBP,Transportation
13/08/2024,2024-08,Amex Joint JulyOctober,DELIVEROO LONDON,59.08,GBP,Groceries
13/08/2024,2024-08,Amex Joint JulyOctober,SAINSBURY'S SPRMRKTS LT LONDON,4.20,GBP,Groceries
13/08/2024,2024-08,Amex Joint JulyOctober,TFL TRAVEL CHARGE TFL.GOV.UK/CP,3.70,GBP,Transportation
13/08/2024,2024-08,Amex Joint JulyOctober,THE JAR - HEALTHY VENDI LONDON,2.99,GBP,Activities
13/08/2024,2024-08,Amex Joint JulyOctober,THE JAR - HEALTHY VENDI LONDON,8.97,GBP,Activities
12/08/2024,2024-08,Amex Joint JulyOctober,1014 Grays Inn Road London,1.49,GBP,Uncategorised
12/08/2024,2024-08,Amex Joint JulyOctober,AMZNMKTPLACE*EO4CO3EV5 AMAZON.CO.UK,19.99,GBP,Shopping
12/08/2024,2024-08,Amex Joint JulyOctober,JOLENE HORNSEY ROAD (BA London,3.90,GBP,Activities
12/08/2024,2024-08,Amex Joint JulyOctober,JOLENE HORNSEY ROAD (BA London,15.20,GBP,Activities
12/08/2024,2024-08,Amex Joint JulyOctober,M&S MUSWELL HILL LONDON,6.20,GBP,Groceries
12/08/2024,2024-08,Amex Joint JulyOctober,POST OFFICE GRAYS INN LONDON,9.50,GBP,Utilities
12/08/2024,2024-08,Amex Joint JulyOctober,TFL TRAVEL CHARGE TFL.GOV.UK/CP,3.00,GBP,Transportation
12/08/2024,2024-08,Amex Joint JulyOctober,ZETTLE *K ISMAEL LONDON,3.00,GBP,Shopping
11/08/2024,2024-08,Amex Joint JulyOctober,COFFEENERD TOOWONG,48.00,GBP,Activities
11/08/2024,2024-08,Amex Joint JulyOctober,ETSY UK LONDON,28.00,GBP,Shopping
11/08/2024,2024-08,Amex Joint JulyOctober,JOLENE HORNSEY ROAD (BA London,8.00,GBP,Activities
11/08/2024,2024-08,Amex Joint JulyOctober,LIME*RIDE FZY2 LONDON,4.83,GBP,Transportation
11/08/2024,2024-08,Amex Joint JulyOctober,POPHAMS HACKNEY London,25.20,GBP,Activities
11/08/2024,2024-08,Amex Joint JulyOctober,Wholesale Flowers Natio Buntingford,10.00,GBP,Shopping
10/08/2024,2024-08,Amex Joint JulyOctober,AMAZON.CO.UK*XT5HF46Z5 AMAZON.CO.UK,35.99,GBP,Shopping
10/08/2024,2024-08,Amex Joint JulyOctober,AMZNMKTPLACE*318II8S45 AMAZON.CO.UK,9.99,GBP,Shopping
10/08/2024,2024-08,Amex Joint JulyOctober,AMZNMKTPLACE*F24PG91A5 AMAZON.CO.UK,29.80,GBP,Shopping
10/08/2024,2024-08,Amex Joint JulyOctober,AMZNMKTPLACE*H86E89L15 AMAZON.CO.UK,4.69,GBP,Shopping
10/08/2024,2024-08,Amex Joint JulyOctober,AMZNMKTPLACE*TB9LN0OX5 AMAZON.CO.UK,7.99,GBP,Shopping
10/08/2024,2024-08,Amex Joint JulyOctober,AMZNMKTPLACE*ZY2RH7CB5 AMAZON.CO.UK,50.00,GBP,Shopping
10/08/2024,2024-08,Amex Joint JulyOctober,LGL LTD GUERNSEY,27.98,GBP,Shopping
10/08/2024,2024-08,Amex Joint JulyOctober,WAITROSE CROUCH END CROUCH END,3.29,GBP,Groceries
09/08/2024,2024-08,Amex Joint JulyOctober,Bun House Chinatown London,50.66,GBP,Activities
09/08/2024,2024-08,Amex Joint JulyOctober,DISNEY PLUS HAMMERSMITH,7.99,GBP,Subscriptions
09/08/2024,2024-08,Amex Joint JulyOctober,J and R Kiosk London,1.30,GBP,Groceries
09/08/2024,2024-08,Amex Joint JulyOctober,LIME*PASS FZY2 LONDON,36.99,GBP,Transportation
09/08/2024,2024-08,Amex Joint JulyOctober,LIME*PASS X23Q LONDON,36.99,GBP,Transportation
09/08/2024,2024-08,Amex Joint JulyOctober,LIME*RIDE FZY2 LONDON,8.41,GBP,Transportation
09/08/2024,2024-08,Amex Joint JulyOctober,LIME*RIDE X23Q LONDON,8.41,GBP,Transportation
09/08/2024,2024-08,Amex Joint JulyOctober,POPHAMS HACKNEY London,8.00,GBP,Activities
09/08/2024,2024-08,Amex Joint JulyOctober,TFL TRAVEL CHARGE TFL.GOV.UK/CP,3.00,GBP,Transportation
09/08/2024,2024-08,Amex Joint JulyOctober,XING LONG MEN CHINATOWN LONDON,1.50,GBP,Activities
09/08/2024,2024-08,Amex Joint JulyOctober,XING LONG MEN CHINATOWN LONDON,29.78,GBP,Activities
09/08/2024,2024-08,Amex Joint JulyOctober,ZETTLE *LEIGH BREMNER MILL HILL EAS,5.00,GBP,Shopping
08/08/2024,2024-08,Amex Joint JulyOctober,J and R Kiosk London,1.30,GBP,Groceries
08/08/2024,2024-08,Amex Joint JulyOctober,MARKS AND SPENCER WATER LONDON,10.75,GBP,Groceries
08/08/2024,2024-08,Amex Joint JulyOctober,SAINSBURY'S SPRMRKTS LT LONDON,4.35,GBP,Groceries
08/08/2024,2024-08,Amex Joint JulyOctober,TFL TRAVEL CHARGE TFL.GOV.UK/CP,3.70,GBP,Transportation
08/08/2024,2024-08,Amex Joint JulyOctober,WATERLOO LONDON,14.00,GBP,Transportation
07/08/2024,2024-08,Amex Joint JulyOctober,Crouch End Greens LTD London,14.90,GBP,Groceries
07/08/2024,2024-08,Amex Joint JulyOctober,GAUCHO COVENT GARDEN 8- LONDON,323.18,GBP,Activities
06/08/2024,2024-08,Amex Joint JulyOctober,AMZNMKTPLACE*9Z8Q42MN5 AMAZON.CO.UK,31.24,GBP,Shopping
06/08/2024,2024-08,Amex Joint JulyOctober,WAITROSE CROUCH END CROUCH END,9.48,GBP,Groceries
05/08/2024,2024-08,Amex Joint JulyOctober,J and R Kiosk London,1.30,GBP,Groceries
05/08/2024,2024-08,Amex Joint JulyOctober,PAYMENT RECEIVED - THANK YOU,431.53,GBP,Credit card
04/08/2024,2024-08,Amex Joint JulyOctober,AMZNMKTPLACE*206BM6175 AMAZON.CO.UK,5.03,GBP,Shopping
04/08/2024,2024-08,Amex Joint JulyOctober,BOOTS THE CHEMIST LONDON,3.50,GBP,Toiletries
04/08/2024,2024-08,Amex Joint JulyOctober,JOLENE HORNSEY ROAD (BA London,3.90,GBP,Activities
04/08/2024,2024-08,Amex Joint JulyOctober,JOLENE HORNSEY ROAD (BA London,15.20,GBP,Activities
04/08/2024,2024-08,Amex Joint JulyOctober,LIME*PASS FZY2 LONDON,36.99,GBP,Transportation
04/08/2024,2024-08,Amex Joint JulyOctober,TRAINLINE trainline LONDON,21.10,GBP,Transportation
03/08/2024,2024-08,Amex Joint JulyOctober,Crouch End Greens LTD London,2.88,GBP,Groceries
03/08/2024,2024-08,Amex Joint JulyOctober,GAIL'S CROUCH END LONDON,8.80,GBP,Activities
03/08/2024,2024-08,Amex Joint JulyOctober,GAIL'S CROUCH END LONDON,14.70,GBP,Activities
03/08/2024,2024-08,Amex Joint JulyOctober,LIME*RIDE FZY2 LONDON,3.77,GBP,Transportation
03/08/2024,2024-08,Amex Joint JulyOctober,OPENAI *CHATGPT SUBSCR SAN FRANCISCO,19.45,GBP,Subscriptions
02/08/2024,2024-08,Amex Joint JulyOctober,AMAZON PRIME*266YX2JG5 AMZN.CO.UK/PM,8.99,GBP,Shopping
02/08/2024,2024-08,Amex Joint JulyOctober,AMZNMKTPLACE*7W3ID08B5 AMAZON.CO.UK,170.66,GBP,Shopping
02/08/2024,2024-08,Amex Joint JulyOctober,HUMAN FOREST LONDON,1.00,GBP,Miscellaneous
02/08/2024,2024-08,Amex Joint JulyOctober,J and R Kiosk London,1.30,GBP,Groceries
02/08/2024,2024-08,Amex Joint JulyOctober,TFL TRAVEL CHARGE TFL.GOV.UK/CP,7.40,GBP,Transportation
02/08/2024,2024-08,Amex Joint JulyOctober,TRADEINN RETAL SERVICES CELRA,128.25,GBP,Shopping
02/08/2024,2024-08,Amex Joint JulyOctober,ZETTLE *MATT SUGARPANTS LONDON,3.00,GBP,Shopping
01/08/2024,2024-08,Amex Joint JulyOctober,TFL TRAVEL CHARGE TFL.GOV.UK/CP,7.40,GBP,Transportation
01/08/2024,2024-08,Amex Joint JulyOctober,ZETTLE *R DOREY WELWYN GARDEN,2.50,GBP,Shopping
31/07/2024,2024-07,Amex Joint JulyOctober,Crouch End Greens LTD London,12.06,GBP,Groceries
31/07/2024,2024-07,Amex Joint JulyOctober,M&S CROUCH END SIMPLY F LONDON,26.45,GBP,Groceries
31/07/2024,2024-07,Amex Joint JulyOctober,PAYMENT RECEIVED - THANK YOU,2404.68,GBP,Credit card
30/07/2024,2024-07,Amex Joint JulyOctober,AIRBNB * HMJ3XANJDB LONDON,481.00,GBP,Holiday
30/07/2024,2024-07,Amex Joint JulyOctober,PAYMENT RECEIVED - THANK YOU,326.00,GBP,Credit card
30/07/2024,2024-07,Amex Joint JulyOctober,TRAINLINE trainline LONDON,102.89,GBP,Transportation
29/07/2024,2024-07,Amex Joint JulyOctober,AIRBNB * HM9CMRJQYE LONDON,50.39,GBP,Holiday
28/07/2024,2024-07,Amex Joint JulyOctober,3CPAYMENT*PRET A MANGER LONDON,5.59,GBP,Activities
28/07/2024,2024-07,Amex Joint JulyOctober,TFL TRAVEL CHARGE TFL.GOV.UK/CP,6.70,GBP,Transportation
27/07/2024,2024-07,Amex Joint JulyOctober,GAIL'S CROUCH END LONDON,12.50,GBP,Activities
27/07/2024,2024-07,Amex Joint JulyOctober,SAINSBURYS ONLINE LONDON,95.96,GBP,Groceries
27/07/2024,2024-07,Amex Joint JulyOctober,ZETTLE *TURNING EARTH C LONDON,15.00,GBP,Shopping
26/07/2024,2024-07,Amex Joint JulyOctober,AMZNMKTPLACE*LE6FU6355 AMAZON.CO.UK,55.84,GBP,Shopping
26/07/2024,2024-07,Amex Joint JulyOctober,LIME*PASS LONDON,36.99,GBP,Transportation
25/07/2024,2024-07,Amex Joint JulyOctober,LIME*PASS LONDON,36.99,GBP,Transportation
25/07/2024,2024-07,Amex Joint JulyOctober,LIME*RIDE LONDON,2.90,GBP,Transportation
25/07/2024,2024-07,Amex Joint JulyOctober,LIME*RIDE LONDON,3.61,GBP,Transportation
25/07/2024,2024-07,Amex Joint JulyOctober,LIME*RIDE LONDON,4.06,GBP,Transportation
25/07/2024,2024-07,Amex Joint JulyOctober,PAYMENT RECEIVED - THANK YOU,218.00,GBP,Credit card
25/07/2024,2024-07,Amex Joint JulyOctober,SAINSBURY'S SPRMRKTS LT LONDON,3.20,GBP,Groceries
25/07/2024,2024-07,Amex Joint JulyOctober,TFL TRAVEL CHARGE TFL.GOV.UK/CP,1.90,GBP,Transportation
24/07/2024,2024-07,Amex Joint JulyOctober,AIRBNB * HM9CMRJQYE LONDON,59.78,GBP,Holiday
24/07/2024,2024-07,Amex Joint JulyOctober,SAINSBURY'S SPRMRKTS LT LONDON,5.20,GBP,Groceries
24/07/2024,2024-07,Amex Joint JulyOctober,SAINSBURYS ONLINE LONDON,98.97,GBP,Groceries
24/07/2024,2024-07,Amex Joint JulyOctober,SAINSBURYS ONLINE LONDON,98.97,GBP,Groceries
23/07/2024,2024-07,Amex Joint JulyOctober,APPLE.COM/BILL HOLLYHILL,2.99,GBP,Subscriptions
23/07/2024,2024-07,Amex Joint JulyOctober,TFL TRAVEL CHARGE TFL.GOV.UK/CP,7.10,GBP,Transportation
23/07/2024,2024-07,Amex Joint JulyOctober,THE SERVICE LONDON LTD Mayfair,3.80,GBP,Activities
22/07/2024,2024-07,Amex Joint JulyOctober,TURNING EARTH LEYTON LONDON,245.00,GBP,Subscriptions
22/07/2024,2024-07,Amex Joint JulyOctober,TURNING EARTH LEYTON LONDON,245.00,GBP,Subscriptions
21/07/2024,2024-07,Amex Joint JulyOctober,GAIL'S HAMPSTEAD LONDON,6.85,GBP,Activities
20/07/2024,2024-07,Amex Joint JulyOctober,Crouch End Greens LTD London,1.29,GBP,Groceries
20/07/2024,2024-07,Amex Joint JulyOctober,M&S CROUCH END SIMPLY F LONDON,50.45,GBP,Groceries
19/07/2024,2024-07,Amex Joint JulyOctober,AMZNMKTPLACE*6T4IX7B85 AMAZON.CO.UK,59.95,GBP,Shopping
19/07/2024,2024-07,Amex Joint JulyOctober,TFL TRAVEL CHARGE TFL.GOV.UK/CP,7.40,GBP,Transportation
19/07/2024,2024-07,Amex Joint JulyOctober,ZETTLE *TERENCE FOX LONDON,2.00,GBP,Shopping
18/07/2024,2024-07,Amex Joint JulyOctober,SAINSBURY'S SPRMRKTS LT LONDON,5.20,GBP,Groceries
17/07/2024,2024-07,Amex Joint JulyOctober,APPLE.COM/BILL HOLLYHILL,19.99,GBP,Subscriptions
17/07/2024,2024-07,Amex Joint JulyOctober,M&S CROUCH END SIMPLY F LONDON,21.20,GBP,Groceries
17/07/2024,2024-07,Amex Joint JulyOctober,SAINSBURY'S SPRMRKTS LT LONDON,4.20,GBP,Groceries
16/07/2024,2024-07,Amex Joint JulyOctober,J and R Kiosk London,2.30,GBP,Groceries
16/07/2024,2024-07,Amex Joint JulyOctober,SAINSBURY'S SPRMRKTS LT LONDON,4.20,GBP,Groceries
16/07/2024,2024-07,Amex Joint JulyOctober,SIDNEY ROSE LONDON,2.40,GBP,Shopping
16/07/2024,2024-07,Amex Joint JulyOctober,TFL TRAVEL CHARGE TFL.GOV.UK/CP,3.70,GBP,Transportation
16/07/2024,2024-07,Amex Joint JulyOctober,TFL TRAVEL CHARGE TFL.GOV.UK/CP,7.40,GBP,Transportation
15/07/2024,2024-07,Amex Joint JulyOctober,SAINSBURY'S SPRMRKTS LT LONDON,4.20,GBP,Groceries
14/07/2024,2024-07,Amex Joint JulyOctober,AIRBNB * HM9CMRJQYE LONDON,325.35,GBP,Holiday
14/07/2024,2024-07,Amex Joint JulyOctober,GAIL'S CROUCH END LONDON,15.05,GBP,Activities
14/07/2024,2024-07,Amex Joint JulyOctober,LIME*PASS LONDON,36.99,GBP,Transportation
14/07/2024,2024-07,Amex Joint JulyOctober,LIME*RIDE LONDON,0.57,GBP,Transportation
13/07/2024,2024-07,Amex Joint JulyOctober,ZETTLE *TURNING EARTH C LONDON,18.00,GBP,Shopping
12/07/2024,2024-07,Amex Joint JulyOctober,J and R Kiosk London,2.30,GBP,Groceries
12/07/2024,2024-07,Amex Joint JulyOctober,J and R Kiosk London,3.50,GBP,Groceries
12/07/2024,2024-07,Amex Joint JulyOctober,M&S CROUCH END SIMPLY F LONDON,58.95,GBP,Groceries
12/07/2024,2024-07,Amex Joint JulyOctober,POPHAMS HACKNEY London,3.80,GBP,Activities
12/07/2024,2024-07,Amex Joint JulyOctober,TFL TRAVEL CHARGE TFL.GOV.UK/CP,1.90,GBP,Transportation
11/07/2024,2024-07,Amex Joint JulyOctober,3CPAYMENT*PRET A MANGER LONDON,3.80,GBP,Activities
11/07/2024,2024-07,Amex Joint JulyOctober,LIME*PASS LONDON,36.99,GBP,Transportation
11/07/2024,2024-07,Amex Joint JulyOctober,LIME*RIDE LONDON,12.18,GBP,Transportation
11/07/2024,2024-07,Amex Joint JulyOctober,SUMUP*NKORA LIMITED ST ALBANS,4.00,GBP,Shopping
10/07/2024,2024-07,Amex Joint JulyOctober,J and R Kiosk London,1.30,GBP,Groceries
10/07/2024,2024-07,Amex Joint JulyOctober,SAINSBURYS ONLINE LONDON,97.56,GBP,Groceries
10/07/2024,2024-07,Amex Joint JulyOctober,TFL TRAVEL CHARGE TFL.GOV.UK/CP,3.70,GBP,Transportation
09/07/2024,2024-07,Amex Joint JulyOctober,3CPAYMENT*PRET A MANGER LONDON,5.50,GBP,Activities
09/07/2024,2024-07,Amex Joint JulyOctober,DISNEY PLUS HAMMERSMITH,7.99,GBP,Subscriptions
09/07/2024,2024-07,Amex Joint JulyOctober,ORDER 69205996 17205415 720541544975,70.00,GBP,Shopping
09/07/2024,2024-07,Amex Joint JulyOctober,SAINSBURY'S SPRMRKTS LT LONDON,1.20,GBP,Groceries
09/07/2024,2024-07,Amex Joint JulyOctober,TFL TRAVEL CHARGE TFL.GOV.UK/CP,7.40,GBP,Transportation
09/07/2024,2024-07,Amex Joint JulyOctober,WAITROSE CROUCH END CROUCH END,18.47,GBP,Groceries
08/07/2024,2024-07,Amex Joint JulyOctober,3CPAYMENT*PRET A MANGER LONDON,5.99,GBP,Activities
08/07/2024,2024-07,Amex Joint JulyOctober,AMZNMKTPLACE*Q189V2NB5 AMAZON.CO.UK,31.55,GBP,Shopping
08/07/2024,2024-07,Amex Joint JulyOctober,PAYMENT RECEIVED - THANK YOU,200.00,GBP,Credit card
08/07/2024,2024-07,Amex Joint JulyOctober,TFL TRAVEL CHARGE TFL.GOV.UK/CP,7.90,GBP,Transportation
08/07/2024,2024-07,Amex Joint JulyOctober,TRAINLINE trainline LONDON,12.10,GBP,Transportation
07/07/2024,2024-07,Amex Joint JulyOctober,CAFFE NERO FINIKOUDES .,10.13,GBP,Activities
06/07/2024,2024-07,Amex Joint JulyOctober,CAFFE NERO FINIKOUDES .,9.35,GBP,Activities
06/07/2024,2024-07,Amex Joint JulyOctober,GAIL'S SOHO LONDON,8.60,GBP,Activities
06/07/2024,2024-07,Amex Joint JulyOctober,GETT LONDON London,23.79,GBP,Transportation
06/07/2024,2024-07,Amex Joint JulyOctober,ZETTLE *TURNING EARTH C LONDON,15.00,GBP,Shopping
05/07/2024,2024-07,Amex Joint JulyOctober,3CPAYMENT*PRET A MANGER LONDON,5.99,GBP,Activities
05/07/2024,2024-07,Amex Joint JulyOctober,AIRBNB * HM9FKFHKXQ LONDON,204.88,GBP,Holiday
05/07/2024,2024-07,Amex Joint JulyOctober,SAINSBURY'S LONDON,2.00,GBP,Groceries
05/07/2024,2024-07,Amex Joint JulyOctober,TFL TRAVEL CHARGE TFL.GOV.UK/CP,3.00,GBP,Transportation
05/07/2024,2024-07,Amex Joint JulyOctober,TFL TRAVEL CHARGE TFL.GOV.UK/CP,8.50,GBP,Transportation
05/07/2024,2024-07,Amex Joint JulyOctober,TRAINLINE trainline LONDON,9.10,GBP,Transportation
05/07/2024,2024-07,Amex Joint JulyOctober,W H SMITH GATWICK,12.76,GBP,Shopping
04/07/2024,2024-07,Amex Joint JulyOctober,PAYMENT RECEIVED - THANK YOU,3093.42,GBP,Credit card
04/07/2024,2024-07,Amex Joint JulyOctober,SUMUP*NKORA LIMITED ST ALBANS,3.50,GBP,Shopping
04/07/2024,2024-07,Amex Joint JulyOctober,SUMUP*NKORA LIMITED ST ALBANS,3.60,GBP,Shopping
04/07/2024,2024-07,Amex Joint JulyOctober,TFL TRAVEL CHARGE TFL.GOV.UK/CP,7.40,GBP,Transportation
04/07/2024,2024-07,Amex Joint JulyOctober,ZETTLE *CHIRIAC MUSIC LONDON,5.00,GBP,Shopping
03/07/2024,2024-07,Amex Joint JulyOctober,J and R Kiosk London,1.30,GBP,Groceries
03/07/2024,2024-07,Amex Joint JulyOctober,OPENAI *CHATGPT SUBSCR SAN FRANCISCO,19.59,GBP,Subscriptions
03/07/2024,2024-07,Amex Joint JulyOctober,TFL TRAVEL CHARGE TFL.GOV.UK/CP,3.70,GBP,Transportation
02/07/2024,2024-07,Amex Joint JulyOctober,AMAZON PRIME AMZN.CO.UK/PM,4.50,GBP,Shopping
02/07/2024,2024-07,Amex Joint JulyOctober,AMAZON PRIME*5T40I6QG5 AMZN.CO.UK/PM,8.99,GBP,Shopping
02/07/2024,2024-07,Amex Joint JulyOctober,AMZNMKTPLACE*WF7QV5KL5 AMAZON.CO.UK,143.76,GBP,Shopping
02/07/2024,2024-07,Amex Joint JulyOctober,LIME*PASS LONDON,36.99,GBP,Transportation
02/07/2024,2024-07,Amex Joint JulyOctober,LIME*RIDE LONDON,0.30,GBP,Transportation
01/07/2024,2024-07,Amex Joint JulyOctober,M&S CHANCERY LANE LONDON,4.05,GBP,Groceries
01/07/2024,2024-07,Amex Joint JulyOctober,WAITROSE CROUCH END CROUCH END,2.65,GBP,Groceries
01/08/2024,2024-08,Monzo Lara Flex August,MGP*Vinted London,12.64,GBP,Shopping
01/08/2024,2024-08,Monzo Lara Flex August,MGP*Vinted London,83.35,GBP,Shopping
01/08/2024,2024-08,Monzo Lara Flex August,MGP*Vinted London,6.65,GBP,Shopping
02/08/2024,2024-08,Monzo Lara Flex August,PPOINT_*CU CONVENIENCE London,24.98,GBP,Shopping
02/08/2024,2024-08,Monzo Lara Flex August,MGP*Vinted London,10.95,GBP,Shopping
08/08/2024,2024-08,Monzo Lara Flex August,MGP*Vinted London,13.59,GBP,Shopping
08/08/2024,2024-08,Monzo Lara Flex August,MGP*Vinted London,6.53,GBP,Shopping
08/08/2024,2024-08,Monzo Lara Flex August,MGP*Vinted London,5.36,GBP,Shopping
08/08/2024,2024-08,Monzo Lara Flex August,MGP*Vinted London,12.09,GBP,Shopping
08/08/2024,2024-08,Monzo Lara Flex August,MGP*Vinted London,12.00,GBP,Shopping
08/08/2024,2024-08,Monzo Lara Flex August,MGP*Vinted London,26.70,GBP,Shopping
10/08/2024,2024-08,Monzo Lara Flex August,CLOCKTOWER GREENS LONDON,7.88,GBP,Activities
12/08/2024,2024-08,Monzo Lara Flex August,MGP-VINTED\109 Kesperry House\London\SE13XB,13.59,GBP,Shopping
15/08/2024,2024-08,Monzo Lara Flex August,WETRANSFER* BB2119B7 +31208100779 NLD,11.00,GBP,Shopping
16/08/2024,2024-08,Monzo Lara Flex August,Broadway Cleaners GREAT BRITAI,17.95,GBP,Shopping
16/08/2024,2024-08,Monzo Lara Flex August,Zettle_*James Theory Bath,3.00,GBP,Shopping
17/08/2024,2024-08,Monzo Lara Flex August,Zettle_*Druces Pressed Failand,4.00,GBP,Shopping
18/08/2024,2024-08,Monzo Lara Flex August,Nintendo CA1256426593 Frankfurt am DEU,10.99,GBP,Entertainment
18/08/2024,2024-08,Monzo Lara Flex August,Nintendo CA1256476590 Frankfurt am DEU,12.99,GBP,Entertainment
19/08/2024,2024-08,Monzo Lara Flex August,LA BAGUETTE BATH BA1,1.70,GBP,Activities
19/08/2024,2024-08,Monzo Lara Flex August,Route one Bath,70.00,GBP,Shopping
19/08/2024,2024-08,Monzo Lara Flex August,MGP*Vinted London,9.03,GBP,Shopping
19/08/2024,2024-08,Monzo Lara Flex August,MGP*Vinted London,9.90,GBP,Shopping
20/08/2024,2024-08,Monzo Lara Flex August,MGP*Vinted London,5.36,GBP,Shopping
20/08/2024,2024-08,Monzo Lara Flex August,MGP*Vinted London,4.91,GBP,Shopping
20/08/2024,2024-08,Monzo Lara Flex August,DOROTHYHOUSEBRO BATH,25.00,GBP,Shopping
20/08/2024,2024-08,Monzo Lara Flex August,MGP*Vinted London,46.60,GBP,Shopping
20/08/2024,2024-08,Monzo Lara Flex August,MGP*Vinted London,12.00,GBP,Shopping
21/08/2024,2024-08,Monzo Lara Flex August,MGP*Vinted London,6.98,GBP,Shopping
21/08/2024,2024-08,Monzo Lara Flex August,MGP*Vinted London,19.35,GBP,Shopping
21/08/2024,2024-08,Monzo Lara Flex August,MGP*Vinted London,9.90,GBP,Shopping
21/08/2024,2024-08,Monzo Lara Flex August,MGP*Vinted London,7.61,GBP,Shopping
21/08/2024,2024-08,Monzo Lara Flex August,MGP*Vinted London,8.60,GBP,Shopping
22/08/2024,2024-08,Monzo Lara Flex August,MGP*Vinted London,6.53,GBP,Shopping
22/08/2024,2024-08,Monzo Lara Flex August,MGP*Vinted London,9.90,GBP,Shopping
22/08/2024,2024-08,Monzo Lara Flex August,PPOINT_*CU CONVENIENCE London,10.97,GBP,Shopping
22/08/2024,2024-08,Monzo Lara Flex August,Nintendo CA1258418703 Frankfurt am DEU,19.99,GBP,Entertainment
23/08/2024,2024-08,Monzo Lara Flex August,MGP*Vinted London,7.61,GBP,Shopping
23/08/2024,2024-08,Monzo Lara Flex August,MGP*Vinted London,7.61,GBP,Shopping
24/08/2024,2024-08,Monzo Lara Flex August,MGP*Vinted London,17.25,GBP,Shopping
24/08/2024,2024-08,Monzo Lara Flex August,MGP*Vinted London,27.75,GBP,Shopping
24/08/2024,2024-08,Monzo Lara Flex August,MGP*Vinted London,10.95,GBP,Shopping
26/08/2024,2024-08,Monzo Lara Flex August,TfL Travel Charge TFL.gov.uk/CP,1.80,GBP,Transportation
27/08/2024,2024-08,Monzo Lara Flex August,MGP*Vinted London,10.05,GBP,Shopping
28/08/2024,2024-08,Monzo Lara Flex August,Flex,321.14,GBP,Nothing
28/08/2024,2024-08,Monzo Lara Flex August,PPOINT_*ASEES FOOD AND London,4.99,GBP,Activities
29/08/2024,2024-08,Monzo Lara Flex August,GOOGLE *Google One 650-253-0000,184.99,GBP,Subscriptions
01/07/2024,2024-07,Monzo Nicholas Flex JulyOctober,Snappy Snaps Crouch En London,4.00,GBP,Shopping
01/07/2024,2024-07,Monzo Nicholas Flex JulyOctober,CLOCKTOWER GREENS LONDON,4.99,GBP,Activities
02/07/2024,2024-07,Monzo Nicholas Flex JulyOctober,BATH POTTERS SUPPLIES RADSTOCK,98.26,GBP,Shopping
02/07/2024,2024-07,Monzo Nicholas Flex JulyOctober,booking40528871684 ONLINE,104.36,GBP,Holiday
02/07/2024,2024-07,Monzo Nicholas Flex JulyOctober,booking40528871684 ONLINE,1.20,GBP,Holiday
04/07/2024,2024-07,Monzo Nicholas Flex JulyOctober,The Woodman London,22.10,GBP,Activities
06/07/2024,2024-07,Monzo Nicholas Flex JulyOctober,Gate Retail Wizz Ashford,18.50,GBP,Activities
06/07/2024,2024-07,Monzo Nicholas Flex JulyOctober,BUS STOP KIOSK LARNACA CYP,2.10,GBP,Transportation
06/07/2024,2024-07,Monzo Nicholas Flex JulyOctober,TAVERNA OUZERI EFRAIM PAPHOS CYP,35.00,GBP,Activities
06/07/2024,2024-07,Monzo Nicholas Flex JulyOctober,PERIPTERO MARIA THANOU LARNACA CYP,2.00,GBP,Activities
06/07/2024,2024-07,Monzo Nicholas Flex JulyOctober,PERIPTERO MARIA THANOU LARNACA CYP,1.00,GBP,Activities
06/07/2024,2024-07,Monzo Nicholas Flex JulyOctober,CAFFE NERO FINIKOUDES LARNACA CYP,7.50,GBP,Activities
06/07/2024,2024-07,Monzo Nicholas Flex JulyOctober,GYR EVONTAS ELLADA LARNACA CYP,17.95,GBP,Activities
06/07/2024,2024-07,Monzo Nicholas Flex JulyOctober,GYR EVONTAS ELLADA LARNACA CYP,0.80,GBP,Activities
07/07/2024,2024-07,Monzo Nicholas Flex JulyOctober,EURO PHARMACY FAMAGUSTA CYP,15.98,GBP,Toiletries
07/07/2024,2024-07,Monzo Nicholas Flex JulyOctober,CHRIS EXPRESS FAMAGUSTA CYP,1.00,GBP,Activities
07/07/2024,2024-07,Monzo Nicholas Flex JulyOctober,OCEAN BASKET (AGIA NAP AMMOCHOSTOS CYP,44.99,GBP,Activities
07/07/2024,2024-07,Monzo Nicholas Flex JulyOctober,ENJOY KIOSK FINIKOUDES LARNACA CYP,1.40,GBP,Activities
07/07/2024,2024-07,Monzo Nicholas Flex JulyOctober,Jiovanis Mini Market Larnaka CYP,5.40,GBP,Groceries
07/07/2024,2024-07,Monzo Nicholas Flex JulyOctober,Jiovanis Mini Market Larnaka CYP,4.70,GBP,Groceries
08/07/2024,2024-07,Monzo Nicholas Flex JulyOctober,FOOD VILLAGE LCA AIRPO LARNACA CYP,9.70,GBP,Activities
09/07/2024,2024-07,Monzo Nicholas Flex JulyOctober,BATH POTTERS SUPPLIES\18 FORTH AVENUE\RADSTOCK\BA3 4XE GBRGBR,20.44,GBP,Shopping
09/07/2024,2024-07,Monzo Nicholas Flex JulyOctober,Flex,484.02,GBP,Nothing
18/07/2024,2024-07,Monzo Nicholas Flex JulyOctober,PPOINT_*H V Kingsley 3 London,2.20,GBP,Shopping
23/07/2024,2024-07,Monzo Nicholas Flex JulyOctober,AIRBNB * HM9PYXTY3Q\34 Dover St 5th Floor\203-318-1111\W1S 4NG GBRGBR,155.79,GBP,Holiday
23/07/2024,2024-07,Monzo Nicholas Flex JulyOctober,Flex,155.79,GBP,Nothing
24/07/2024,2024-07,Monzo Nicholas Flex JulyOctober,AIRBNB * HM2AXNX399\34 Dover St 5th Floor\203-318-1111\W1S 4NG GBRGBR,157.67,GBP,Holiday
24/07/2024,2024-07,Monzo Nicholas Flex JulyOctober,Flex,157.67,GBP,Nothing
30/07/2024,2024-07,Monzo Nicholas Flex JulyOctober,AIRBNB * HM9CMRJQYE\34 Dover St 5th Floor\203-318-1111\W1S 4NG GBRGBR,325.35,GBP,Holiday
30/07/2024,2024-07,Monzo Nicholas Flex JulyOctober,Flex,325.35,GBP,Nothing
31/07/2024,2024-07,Monzo Nicholas Flex JulyOctober,Flex,2.20,GBP,Nothing
04/08/2024,2024-08,Monzo Nicholas Flex JulyOctober,KEMSING PREMIER SEVENOAKS,4.27,GBP,Activities
04/08/2024,2024-08,Monzo Nicholas Flex JulyOctober,Kemsing News+Wine Sevenoaks,5.98,GBP,Activities
05/08/2024,2024-08,Monzo Nicholas Flex JulyOctober,BUY 2 SAVE (GG) LTD LONDON,72.11,GBP,Groceries
08/08/2024,2024-08,Monzo Nicholas Flex JulyOctober,PPOINT_*CU CONVENIENCE London,1.99,GBP,Shopping
09/08/2024,2024-08,Monzo Nicholas Flex JulyOctober,Tianfu London,7.49,GBP,Activities
11/08/2024,2024-08,Monzo Nicholas Flex JulyOctober,CLR*hartleyandnoble.co Higham Ferrer,149.99,GBP,Shopping
11/08/2024,2024-08,Monzo Nicholas Flex JulyOctober,LS The Wells Tavern London,6.40,GBP,Activities
16/08/2024,2024-08,Monzo Nicholas Flex JulyOctober,HUMAN FOREST +442081577491,5.00,GBP,Miscellaneous
16/08/2024,2024-08,Monzo Nicholas Flex JulyOctober,HUMAN FOREST +442081577491,5.00,GBP,Miscellaneous
16/08/2024,2024-08,Monzo Nicholas Flex JulyOctober,HUMAN FOREST +442081577491,1.90,GBP,Miscellaneous
16/08/2024,2024-08,Monzo Nicholas Flex JulyOctober,VMS Sally Lunns House BATH,58.74,GBP,Miscellaneous
18/08/2024,2024-08,Monzo Nicholas Flex JulyOctober,Same Same But Differen Bath,17.16,GBP,Uncategorised
23/08/2024,2024-08,Monzo Nicholas Flex JulyOctober,BUY 2 SAVE (GG) LTD LONDON,92.81,GBP,Groceries
23/08/2024,2024-08,Monzo Nicholas Flex JulyOctober,BUY 2 SAVE (GG) LTD LONDON,3.94,GBP,Groceries
25/08/2024,2024-08,Monzo Nicholas Flex JulyOctober,HART & SONS DORSET L Sturminster N,187.20,GBP,Shopping
28/08/2024,2024-08,Monzo Nicholas Flex JulyOctober,G KAYE & J WALDREN T/A LONDON N8,110.00,GBP,Shopping
29/08/2024,2024-08,Monzo Nicholas Flex JulyOctober,CO-OP GROUP FOOD LONDON,4.50,GBP,Groceries
29/08/2024,2024-08,Monzo Nicholas Flex JulyOctober,BUTTERANDCRUST LONDON,20.04,GBP,Shopping
30/08/2024,2024-08,Monzo Nicholas Flex JulyOctober,Flex,744.52,GBP,Nothing
31/08/2024,2024-08,Monzo Nicholas Flex JulyOctober,AMZNMktplace amazon.co.uk,3.99,GBP,Shopping
01/09/2024,2024-09,Monzo Nicholas Flex JulyOctober,MOUNT VINEYARD (BAR & GREAT BRITA,11.47,GBP,Activities
02/09/2024,2024-09,Monzo Nicholas Flex JulyOctober,TfL Travel Charge TFL.gov.uk/CP,9.90,GBP,Transportation
02/09/2024,2024-09,Monzo Nicholas Flex JulyOctober,MARKS&SPENCER PLC SF CHANCERY LANE,8.20,GBP,Groceries
04/09/2024,2024-09,Monzo Nicholas Flex JulyOctober,LIME*PASS FZY2 LONDON,36.99,GBP,Transportation
17/09/2024,2024-09,Monzo Nicholas Flex JulyOctober,Amazon.co.uk AMAZON.CO.UK,7.25,GBP,Shopping
20/09/2024,2024-09,Monzo Nicholas Flex JulyOctober,MARKS&SPENCER PLC SF CHANCERY LANE,5.25,GBP,Groceries
20/09/2024,2024-09,Monzo Nicholas Flex JulyOctober,LIME*PASS FZY2 +448008085223,36.99,GBP,Transportation
21/09/2024,2024-09,Monzo Nicholas Flex JulyOctober,PRET A MANGER LONDON,18.60,GBP,Activities
21/09/2024,2024-09,Monzo Nicholas Flex JulyOctober,CONNOLLY RETAIL LTD LONDON,20.00,GBP,Income
22/09/2024,2024-09,Monzo Nicholas Flex JulyOctober,WAITROSE LONDON,1.10,GBP,Groceries
23/09/2024,2024-09,Monzo Nicholas Flex JulyOctober,J and R Kiosk London,1.30,GBP,Groceries
26/09/2024,2024-09,Monzo Nicholas Flex JulyOctober,Flex,161.04,GBP,Nothing
01/10/2024,2024-10,Monzo Nicholas Flex JulyOctober,SP PIEDATERRE VENICE +390418506574 ITA,154.50,GBP,Holiday
02/10/2024,2024-10,Monzo Nicholas Flex JulyOctober,MARKS&SPENCER PLC SF CHANCERY LANE,3.20,GBP,Groceries
04/10/2024,2024-10,Monzo Nicholas Flex JulyOctober,MARKS&SPENCER PLC SACA MUSWELL HILL,35.70,GBP,Groceries
06/10/2024,2024-10,Monzo Nicholas Flex JulyOctober,SQ *JOLENE HORNSEY ROA London,7.40,GBP,Activities
07/10/2024,2024-10,Monzo Nicholas Flex JulyOctober,MARKS&SPENCER PLC SF CHANCERY LANE,12.95,GBP,Groceries
09/10/2024,2024-10,Monzo Nicholas Flex JulyOctober,Etsy.com*additiveworks London,45.49,GBP,Shopping
09/10/2024,2024-10,Monzo Nicholas Flex JulyOctober,LIME*PASS FZY2 +448008085223,36.99,GBP,Transportation
10/10/2024,2024-10,Monzo Nicholas Flex JulyOctober,MARKS&SPENCER PLC SF CHANCERY LANE,10.75,GBP,Groceries
10/10/2024,2024-10,Monzo Nicholas Flex JulyOctober,ROBERT DYAS HIGH HOLBO LONDON,40.95,GBP,Shopping
10/10/2024,2024-10,Monzo Nicholas Flex JulyOctober,LOON FUNG SUPERMKT LONDON W1D,3.05,GBP,Activities
16/10/2024,2024-10,Monzo Nicholas Flex JulyOctober,LIME*PASS FZY2 +448008085223,36.99,GBP,Transportation
17/10/2024,2024-10,Monzo Nicholas Flex JulyOctober,MARKS&SPENCER PLC SF CHANCERY LANE,3.90,GBP,Groceries
17/10/2024,2024-10,Monzo Nicholas Flex JulyOctober,WAITROSE LONDON,5.60,GBP,Groceries
18/10/2024,2024-10,Monzo Nicholas Flex JulyOctober,MARKS&SPENCER PLC SF CROUCH END,14.50,GBP,Groceries
19/10/2024,2024-10,Monzo Nicholas Flex JulyOctober,GAILS - CROUCH END LONDON,7.80,GBP,Activities
19/10/2024,2024-10,Monzo Nicholas Flex JulyOctober,CLOCKTOWER GREENS LONDON,0.99,GBP,Activities
19/10/2024,2024-10,Monzo Nicholas Flex JulyOctober,Crouch End Greens LTD London,2.99,GBP,Groceries
21/10/2024,2024-10,Monzo Nicholas Flex JulyOctober,Old Bell Tavern LONDON,34.96,GBP,Activities
21/10/2024,2024-10,Monzo Nicholas Flex JulyOctober,Old Bell Tavern LONDON,33.44,GBP,Activities
23/10/2024,2024-10,Monzo Nicholas Flex JulyOctober,SQ *JOLENE HORNSEY ROA London,11.30,GBP,Activities
23/10/2024,2024-10,Monzo Nicholas Flex JulyOctober,BOOTS 0707 SEDLEY PLACE,11.55,GBP,Toiletries
24/10/2024,2024-10,Monzo Nicholas Flex JulyOctober,CURSOR,20.00,GBP,Subscriptions
24/10/2024,2024-10,Monzo Nicholas Flex JulyOctober,Flex,1.95,GBP,Nothing
24/10/2024,2024-10,Monzo Nicholas Flex JulyOctober,Flex,65.00,GBP,Nothing
24/10/2024,2024-10,Monzo Nicholas Flex JulyOctober,Flex,0.30,GBP,Nothing
24/10/2024,2024-10,Monzo Nicholas Flex JulyOctober,Flex,10.00,GBP,Nothing
